age,job,marital,education,default,balance,housing,loan,contact,day,month,duration,campaign,pdays,previous,poutcome,y
38,blue-collar,married,secondary,no,1663,yes,no,cellular,13,apr,217,3,327,1,failure,no
38,blue-collar,divorced,secondary,no,595,yes,no,cellular,7,may,245,3,-1,0,unknown,no
34,blue-collar,married,secondary,no,360,yes,no,telephone,19,nov,46,1,182,2,failure,no
60,admin.,married,secondary,no,1025,no,no,cellular,6,aug,388,8,-1,0,unknown,no
42,management,married,tertiary,no,520,no,no,cellular,4,nov,158,1,-1,0,unknown,no
26,services,single,secondary,no,209,yes,no,cellular,22,jul,319,2,-1,0,unknown,no
35,housemaid,married,tertiary,no,20,yes,yes,cellular,17,jul,505,3,-1,0,unknown,no
38,services,married,secondary,no,434,yes,no,unknown,20,may,411,1,-1,0,unknown,no
32,unemployed,divorced,primary,no,0,no,no,cellular,15,jul,175,4,-1,0,unknown,no
32,technician,single,tertiary,no,2204,yes,no,cellular,21,nov,11,4,-1,0,unknown,no
56,self-employed,married,secondary,no,800,no,yes,cellular,9,jul,170,1,-1,0,unknown,no
36,management,married,tertiary,no,23,no,no,cellular,26,aug,133,11,-1,0,unknown,no
35,management,married,tertiary,no,2682,yes,no,cellular,9,jul,156,1,-1,0,unknown,no
38,admin.,divorced,tertiary,no,86,yes,no,unknown,6,may,218,1,-1,0,unknown,no
32,technician,married,secondary,no,266,yes,no,cellular,19,aug,168,2,-1,0,unknown,no
43,entrepreneur,married,tertiary,no,210,no,no,cellular,29,jul,646,2,-1,0,unknown,no
28,management,single,tertiary,no,5549,no,no,cellular,28,jul,383,6,-1,0,unknown,no
40,self-employed,married,tertiary,no,13669,no,no,cellular,15,oct,138,1,136,8,other,no
65,retired,divorced,primary,no,1840,no,no,cellular,1,jun,383,2,188,5,failure,no
35,blue-collar,married,secondary,no,444,yes,no,cellular,15,apr,244,3,-1,0,unknown,no
40,housemaid,married,primary,no,1832,no,no,cellular,6,feb,213,4,-1,0,unknown,no
54,management,married,tertiary,no,0,no,no,cellular,16,jul,118,5,-1,0,unknown,no
36,technician,divorced,secondary,no,487,no,yes,cellular,11,aug,268,3,-1,0,unknown,no
52,management,married,tertiary,no,0,yes,no,cellular,9,jul,197,1,-1,0,unknown,no
31,admin.,married,secondary,no,236,yes,yes,telephone,4,may,211,3,-1,0,unknown,no
32,technician,single,tertiary,no,2185,no,no,cellular,20,nov,354,2,-1,0,unknown,no
55,technician,married,unknown,no,574,yes,no,cellular,29,jan,243,2,-1,0,unknown,no
31,management,married,tertiary,yes,-253,no,no,cellular,12,aug,220,4,-1,0,unknown,no
44,entrepreneur,married,secondary,no,6649,yes,no,cellular,19,nov,354,2,-1,0,unknown,no
45,technician,single,tertiary,no,0,yes,no,cellular,18,nov,139,2,-1,0,unknown,no
47,unemployed,married,primary,no,168,yes,no,telephone,30,jan,66,1,241,1,other,no
46,blue-collar,married,secondary,no,781,no,no,unknown,13,may,152,1,-1,0,unknown,no
30,management,single,tertiary,no,6495,no,no,cellular,30,mar,78,3,-1,0,unknown,no
45,blue-collar,married,primary,no,97,yes,no,unknown,7,may,923,3,-1,0,unknown,no
49,technician,married,secondary,no,12531,no,no,cellular,13,aug,77,8,-1,0,unknown,no
36,blue-collar,married,secondary,no,-73,yes,yes,cellular,18,may,15,8,-1,0,unknown,no
41,blue-collar,married,primary,no,2067,yes,no,cellular,15,may,493,7,-1,0,unknown,no
27,technician,single,tertiary,no,808,yes,no,cellular,15,may,578,1,364,1,other,no
49,unknown,married,secondary,no,0,no,no,cellular,28,aug,173,2,-1,0,unknown,no
33,unemployed,divorced,secondary,no,385,no,no,telephone,27,aug,29,28,-1,0,unknown,no
32,technician,married,secondary,no,286,no,no,cellular,20,apr,60,1,343,4,failure,no
34,technician,single,secondary,no,2729,yes,no,cellular,6,apr,945,1,139,1,success,no
52,technician,single,tertiary,no,1308,yes,no,unknown,29,may,361,1,-1,0,unknown,no
56,technician,married,secondary,no,150,yes,yes,cellular,11,may,102,6,349,1,failure,no
32,admin.,married,secondary,no,1031,yes,no,cellular,17,jul,84,1,-1,0,unknown,no
36,blue-collar,married,primary,no,973,yes,yes,unknown,23,may,293,1,-1,0,unknown,no
45,technician,married,secondary,no,1415,yes,no,cellular,24,jul,311,1,-1,0,unknown,no
31,blue-collar,divorced,secondary,no,6,yes,no,cellular,29,jan,821,1,-1,0,unknown,no
29,technician,single,tertiary,no,828,yes,no,cellular,16,apr,215,3,321,3,other,no
35,self-employed,married,tertiary,no,980,no,no,cellular,2,aug,428,2,336,6,failure,no
21,student,single,unknown,no,137,yes,no,unknown,12,may,198,3,-1,0,unknown,no
49,management,single,tertiary,no,588,no,no,cellular,28,aug,70,9,-1,0,unknown,no
43,blue-collar,married,secondary,no,-179,yes,no,cellular,30,jul,335,6,-1,0,unknown,no
44,blue-collar,married,primary,no,-237,yes,no,telephone,10,jul,73,1,-1,0,unknown,no
49,self-employed,married,primary,no,489,yes,no,unknown,27,may,84,4,-1,0,unknown,no
27,services,single,secondary,no,0,yes,no,unknown,7,may,388,7,-1,0,unknown,no
38,technician,married,secondary,no,821,yes,yes,cellular,17,nov,224,2,180,1,failure,no
31,technician,single,tertiary,no,-162,yes,no,cellular,18,may,380,1,-1,0,unknown,no
49,management,married,tertiary,no,87,no,no,cellular,29,jan,165,1,-1,0,unknown,no
34,technician,single,secondary,no,0,no,no,cellular,21,aug,163,2,-1,0,unknown,no
43,services,married,secondary,no,642,no,no,cellular,31,jul,644,2,-1,0,unknown,no
47,management,divorced,tertiary,no,2515,no,no,unknown,20,jun,40,3,-1,0,unknown,no
46,blue-collar,married,primary,no,0,yes,no,unknown,12,may,51,9,-1,0,unknown,no
59,blue-collar,divorced,secondary,no,3573,no,no,cellular,15,may,44,1,-1,0,unknown,no
51,housemaid,married,unknown,no,174,no,no,telephone,29,jul,308,3,-1,0,unknown,no
27,self-employed,single,secondary,no,49,yes,no,cellular,30,jan,208,2,-1,0,unknown,no
56,admin.,married,secondary,no,2146,no,yes,unknown,9,jun,594,1,-1,0,unknown,no
54,blue-collar,married,secondary,no,448,yes,yes,cellular,5,aug,98,1,-1,0,unknown,no
46,management,married,secondary,no,12186,no,no,unknown,20,jun,29,3,-1,0,unknown,no
36,services,married,secondary,no,1746,yes,no,unknown,26,may,99,1,-1,0,unknown,no
62,management,married,tertiary,no,0,no,no,cellular,13,oct,78,3,-1,0,unknown,no
43,unknown,single,tertiary,no,2731,no,no,cellular,21,nov,11,7,-1,0,unknown,no
42,entrepreneur,married,tertiary,no,157,yes,yes,unknown,7,may,650,1,-1,0,unknown,no
45,admin.,married,secondary,no,194,no,no,cellular,31,jul,517,4,-1,0,unknown,no
55,services,divorced,primary,no,2923,yes,no,unknown,15,may,104,2,-1,0,unknown,no
47,services,married,secondary,no,51,yes,yes,unknown,16,may,312,1,-1,0,unknown,no
29,student,single,secondary,no,872,yes,no,unknown,7,may,230,1,-1,0,unknown,no
22,student,single,unknown,no,47,no,no,cellular,3,jul,69,3,-1,0,unknown,no
34,management,single,tertiary,no,6766,no,no,cellular,28,aug,210,5,-1,0,unknown,no
31,management,single,tertiary,no,1130,yes,no,cellular,17,apr,224,3,74,4,failure,no
57,retired,married,primary,no,808,no,no,telephone,7,jul,274,1,-1,0,unknown,no
46,technician,divorced,secondary,no,435,yes,no,unknown,15,may,192,3,-1,0,unknown,no
55,technician,single,secondary,no,3339,yes,no,unknown,2,jun,63,1,-1,0,unknown,no
31,blue-collar,married,secondary,no,0,yes,no,unknown,5,may,143,1,-1,0,unknown,no
55,services,married,unknown,no,1210,yes,no,unknown,30,may,868,1,-1,0,unknown,no
30,management,single,tertiary,no,-218,yes,no,cellular,27,aug,13,15,-1,0,unknown,no
33,management,divorced,secondary,no,1897,yes,yes,unknown,2,jun,197,1,-1,0,unknown,no
51,admin.,married,secondary,no,2967,no,no,unknown,17,jun,83,2,-1,0,unknown,no
37,technician,single,unknown,no,391,yes,no,unknown,8,may,103,3,-1,0,unknown,no
36,blue-collar,single,primary,no,1313,yes,no,unknown,20,jun,8,10,-1,0,unknown,no
48,technician,married,tertiary,no,9207,no,no,cellular,18,aug,445,3,-1,0,unknown,no
28,technician,single,secondary,no,1453,yes,no,cellular,12,may,246,1,343,1,other,no
50,entrepreneur,married,secondary,no,806,yes,yes,cellular,7,may,141,8,297,2,other,no
34,blue-collar,married,primary,no,428,yes,no,cellular,18,may,59,2,-1,0,unknown,no
33,blue-collar,married,secondary,no,-346,yes,yes,unknown,23,may,29,3,-1,0,unknown,no
56,services,married,secondary,no,-229,no,yes,cellular,23,jul,55,10,-1,0,unknown,no
47,management,married,tertiary,no,286,no,no,cellular,22,aug,557,7,-1,0,unknown,no
56,admin.,divorced,secondary,yes,-435,yes,yes,unknown,9,may,185,2,-1,0,unknown,no
53,blue-collar,married,secondary,no,65,no,no,cellular,28,aug,25,18,-1,0,unknown,no
23,services,single,secondary,no,250,yes,no,cellular,18,may,222,1,-1,0,unknown,no
32,student,single,tertiary,no,0,no,no,cellular,6,aug,101,5,3,6,other,no
39,admin.,divorced,secondary,no,83,yes,no,cellular,30,jul,69,6,-1,0,unknown,no
49,blue-collar,married,secondary,no,579,yes,no,unknown,28,may,396,1,-1,0,unknown,no
49,technician,married,tertiary,no,279,yes,no,unknown,19,may,168,4,-1,0,unknown,no
33,technician,single,tertiary,no,696,no,yes,cellular,5,feb,193,1,176,8,failure,no
37,blue-collar,divorced,primary,no,511,yes,no,telephone,11,may,42,1,-1,0,unknown,no
50,unemployed,divorced,secondary,no,717,yes,no,cellular,30,jan,113,1,-1,0,unknown,no
55,self-employed,married,secondary,no,2678,no,yes,cellular,18,aug,151,12,-1,0,unknown,no
46,blue-collar,married,primary,no,258,yes,no,unknown,27,may,217,1,-1,0,unknown,no
50,admin.,married,secondary,no,0,no,no,cellular,4,aug,86,4,-1,0,unknown,no
43,technician,single,secondary,no,34,no,no,telephone,30,jul,29,1,-1,0,unknown,no
46,entrepreneur,married,unknown,no,242,yes,no,unknown,9,may,332,2,-1,0,unknown,no
58,management,married,tertiary,no,172,no,no,cellular,19,aug,145,7,-1,0,unknown,no
54,blue-collar,married,primary,no,2281,yes,no,unknown,20,jun,158,1,-1,0,unknown,no
45,admin.,married,unknown,no,1783,no,no,unknown,20,jun,11,11,-1,0,unknown,no
55,blue-collar,divorced,primary,no,410,no,yes,cellular,11,jul,221,2,-1,0,unknown,no
40,management,married,tertiary,no,1584,yes,no,telephone,21,nov,661,1,-1,0,unknown,no
33,technician,married,tertiary,no,75,no,no,cellular,21,jul,204,4,-1,0,unknown,no
31,blue-collar,married,secondary,no,-498,yes,no,cellular,21,jul,357,1,-1,0,unknown,no
50,blue-collar,married,secondary,no,606,yes,no,unknown,14,may,673,2,-1,0,unknown,no
48,management,married,tertiary,no,866,no,no,cellular,29,jan,146,2,-1,0,unknown,no
42,blue-collar,married,primary,no,260,yes,no,telephone,31,jul,175,2,-1,0,unknown,no
32,blue-collar,married,secondary,no,478,yes,no,unknown,3,jun,200,1,-1,0,unknown,no
42,entrepreneur,married,primary,yes,66,yes,yes,cellular,6,feb,139,1,-1,0,unknown,no
26,admin.,divorced,secondary,yes,-3,yes,no,unknown,13,may,181,5,-1,0,unknown,no
37,technician,married,secondary,no,1063,yes,no,cellular,31,jul,413,2,-1,0,unknown,no
31,services,married,secondary,no,500,yes,no,unknown,6,jun,19,18,-1,0,unknown,no
34,admin.,married,tertiary,no,35,yes,no,cellular,15,oct,76,1,69,2,failure,no
30,technician,single,secondary,no,102,yes,no,unknown,7,may,614,2,-1,0,unknown,no
33,blue-collar,married,secondary,no,26,yes,no,cellular,17,apr,342,3,332,1,other,no
54,management,divorced,tertiary,no,0,no,yes,cellular,10,jul,88,1,-1,0,unknown,no
40,blue-collar,married,secondary,no,498,yes,no,cellular,8,may,55,2,298,4,failure,no
41,entrepreneur,married,secondary,no,2105,yes,no,cellular,18,nov,134,1,-1,0,unknown,no
56,admin.,married,unknown,no,2038,no,no,cellular,8,feb,405,1,305,1,success,no
34,management,married,tertiary,no,1518,yes,no,cellular,20,nov,128,2,-1,0,unknown,no
56,unknown,married,unknown,no,0,no,no,unknown,20,jun,471,2,-1,0,unknown,no
56,self-employed,married,secondary,no,784,no,yes,cellular,30,jul,149,2,-1,0,unknown,no
43,blue-collar,married,secondary,no,105,no,yes,cellular,4,jul,668,2,-1,0,unknown,no
49,admin.,married,secondary,no,635,no,no,cellular,25,aug,220,3,-1,0,unknown,no
28,technician,single,secondary,yes,-298,yes,no,unknown,3,jun,559,7,-1,0,unknown,no
42,technician,divorced,tertiary,no,7190,yes,no,cellular,29,jul,375,2,-1,0,unknown,no
36,management,married,tertiary,no,1852,no,no,unknown,8,may,362,1,-1,0,unknown,no
45,entrepreneur,married,tertiary,no,0,yes,no,cellular,29,jul,100,3,-1,0,unknown,no
40,management,single,secondary,no,10378,yes,no,cellular,17,nov,523,3,-1,0,unknown,no
33,management,married,tertiary,no,287,yes,no,cellular,15,may,199,2,274,3,other,no
27,blue-collar,single,primary,no,-79,yes,no,unknown,30,may,385,5,-1,0,unknown,no
28,blue-collar,married,secondary,no,131,yes,no,unknown,12,may,147,5,-1,0,unknown,no
40,management,single,unknown,no,838,yes,no,unknown,12,may,619,3,-1,0,unknown,no
39,admin.,single,secondary,no,1242,yes,no,unknown,12,may,303,3,-1,0,unknown,no
31,technician,single,tertiary,no,424,no,no,cellular,21,aug,93,2,-1,0,unknown,no
46,blue-collar,married,secondary,no,5,no,no,cellular,18,aug,71,3,-1,0,unknown,no
25,admin.,single,tertiary,no,1420,no,no,cellular,8,apr,124,2,-1,0,unknown,no
31,management,single,tertiary,no,574,yes,no,cellular,16,jul,410,2,-1,0,unknown,no
38,technician,single,tertiary,no,2273,yes,no,cellular,17,apr,222,1,-1,0,unknown,no
27,services,married,secondary,no,58,yes,no,cellular,7,may,113,1,337,2,other,no
31,management,married,tertiary,no,0,no,no,unknown,14,may,298,1,-1,0,unknown,no
28,admin.,single,secondary,no,89,yes,yes,cellular,6,feb,172,2,-1,0,unknown,no
39,self-employed,married,secondary,no,167,yes,yes,cellular,17,jul,330,1,-1,0,unknown,no
55,retired,married,tertiary,no,197,no,yes,cellular,8,jul,256,1,-1,0,unknown,no
26,self-employed,single,tertiary,no,1153,no,no,cellular,4,may,238,3,-1,0,unknown,no
31,services,single,secondary,no,11386,yes,no,cellular,20,nov,356,1,-1,0,unknown,no
36,blue-collar,divorced,secondary,no,-140,yes,no,unknown,26,may,222,2,-1,0,unknown,no
33,services,married,secondary,no,-333,yes,no,cellular,30,jul,329,5,-1,0,unknown,no
24,blue-collar,married,secondary,no,9,yes,no,unknown,27,may,292,7,-1,0,unknown,no
54,management,divorced,tertiary,no,7010,no,no,cellular,11,mar,275,2,-1,0,unknown,no
47,blue-collar,divorced,secondary,yes,-535,yes,no,cellular,30,jul,71,2,-1,0,unknown,no
34,services,married,secondary,no,2211,no,no,unknown,8,may,149,1,-1,0,unknown,no
48,blue-collar,married,secondary,no,841,yes,no,unknown,19,may,215,1,-1,0,unknown,no
40,management,married,tertiary,no,194,no,yes,cellular,29,aug,189,2,-1,0,unknown,no
46,technician,married,tertiary,no,405,no,no,cellular,11,aug,138,3,-1,0,unknown,no
26,services,single,secondary,no,50,yes,no,cellular,12,aug,153,1,-1,0,unknown,no
47,technician,married,unknown,no,2106,yes,no,unknown,6,may,168,1,-1,0,unknown,no
32,technician,married,secondary,no,253,yes,no,unknown,4,jun,257,3,-1,0,unknown,no
53,housemaid,married,primary,no,2581,no,no,cellular,15,apr,99,1,-1,0,unknown,no
45,management,single,tertiary,no,16,no,no,cellular,31,jul,59,2,-1,0,unknown,no
53,entrepreneur,married,unknown,no,7,no,no,cellular,20,nov,68,1,-1,0,unknown,no
30,blue-collar,single,secondary,no,363,no,no,cellular,28,jul,171,3,-1,0,unknown,no
47,blue-collar,married,secondary,yes,-614,yes,no,unknown,26,may,118,2,-1,0,unknown,no
34,management,married,tertiary,no,1906,yes,no,cellular,14,jul,68,3,-1,0,unknown,no
28,blue-collar,married,secondary,no,100,yes,yes,unknown,27,may,132,2,-1,0,unknown,no
40,management,married,tertiary,no,8902,yes,no,cellular,14,aug,464,5,-1,0,unknown,no
26,self-employed,single,tertiary,no,211,no,no,cellular,29,jan,168,3,-1,0,unknown,no
52,management,married,tertiary,no,3163,no,no,cellular,25,aug,56,6,-1,0,unknown,no
57,admin.,divorced,unknown,no,887,no,no,unknown,20,jun,43,8,-1,0,unknown,no
55,retired,married,secondary,no,4194,no,yes,telephone,30,jul,208,3,-1,0,unknown,no
34,management,married,tertiary,no,415,no,yes,cellular,23,jul,361,2,-1,0,unknown,no
26,services,single,secondary,no,0,no,no,cellular,29,jul,165,23,-1,0,unknown,no
38,management,single,tertiary,no,5244,no,no,cellular,8,aug,310,4,-1,0,unknown,no
44,management,married,tertiary,no,17361,no,no,unknown,18,jun,476,1,-1,0,unknown,no
32,technician,single,tertiary,no,360,no,no,cellular,19,nov,164,2,-1,0,unknown,no
56,entrepreneur,divorced,primary,no,29,no,no,cellular,29,jan,52,2,227,1,failure,no
33,management,married,tertiary,no,2098,no,no,cellular,20,nov,67,1,-1,0,unknown,no
33,self-employed,married,tertiary,no,483,yes,no,cellular,3,feb,280,2,-1,0,unknown,no
39,blue-collar,married,secondary,no,285,yes,yes,unknown,6,may,209,1,-1,0,unknown,no
58,admin.,married,secondary,no,2,yes,yes,telephone,25,jul,282,9,-1,0,unknown,no
37,services,married,secondary,no,4760,yes,no,cellular,20,nov,187,2,-1,0,unknown,no
35,management,divorced,tertiary,no,434,yes,no,cellular,11,may,277,1,271,2,success,no
31,management,married,tertiary,no,4945,no,no,cellular,11,aug,445,1,-1,0,unknown,no
38,admin.,married,secondary,no,3190,yes,no,unknown,20,jun,20,2,-1,0,unknown,no
34,blue-collar,married,secondary,no,2542,yes,no,cellular,14,may,228,1,-1,0,unknown,no
53,services,married,secondary,no,1378,yes,no,cellular,18,jul,91,2,-1,0,unknown,no
45,unemployed,divorced,primary,no,757,no,no,cellular,20,apr,103,1,325,4,failure,no
43,self-employed,married,secondary,no,104,no,no,unknown,17,jun,332,1,-1,0,unknown,no
43,blue-collar,married,secondary,no,1335,yes,no,unknown,6,may,371,2,-1,0,unknown,no
50,admin.,married,primary,no,276,no,yes,unknown,17,jun,641,6,-1,0,unknown,no
37,technician,married,unknown,no,47,no,no,unknown,19,jun,374,3,-1,0,unknown,no
46,services,married,secondary,no,2420,no,no,cellular,19,nov,405,2,-1,0,unknown,no
44,technician,married,tertiary,no,1707,no,no,cellular,8,aug,406,3,-1,0,unknown,no
25,student,single,secondary,no,1790,no,no,cellular,17,apr,224,1,322,3,failure,no
36,blue-collar,married,secondary,no,13,no,no,unknown,3,jun,284,1,-1,0,unknown,no
48,management,single,secondary,no,290,yes,no,cellular,21,jul,257,2,-1,0,unknown,no
40,entrepreneur,married,tertiary,no,3571,no,no,unknown,9,jun,222,3,-1,0,unknown,no
50,technician,married,secondary,no,-568,yes,yes,unknown,28,may,860,2,-1,0,unknown,no
27,admin.,married,secondary,yes,-517,yes,no,cellular,14,jul,172,3,-1,0,unknown,no
31,admin.,married,secondary,no,88,yes,yes,cellular,8,aug,189,2,-1,0,unknown,no
35,blue-collar,married,secondary,no,603,yes,no,cellular,17,apr,474,2,-1,0,unknown,no
45,management,married,tertiary,no,-459,no,no,cellular,21,aug,508,6,-1,0,unknown,no
39,technician,married,tertiary,no,1161,yes,no,cellular,9,apr,236,1,336,1,failure,no
41,management,married,tertiary,no,-29,no,no,cellular,29,jan,41,2,266,2,failure,no
43,blue-collar,divorced,primary,no,92,yes,no,unknown,15,may,237,2,-1,0,unknown,no
60,admin.,married,secondary,no,3043,no,no,cellular,19,aug,235,3,-1,0,unknown,no
43,blue-collar,single,primary,no,30,yes,no,unknown,30,may,379,17,-1,0,unknown,no
60,blue-collar,married,secondary,no,322,yes,no,cellular,7,may,63,1,-1,0,unknown,no
42,self-employed,married,secondary,no,97,no,no,cellular,10,jul,108,2,-1,0,unknown,no
44,self-employed,married,tertiary,no,134,no,no,cellular,28,aug,86,4,-1,0,unknown,no
28,blue-collar,single,primary,no,1199,yes,no,cellular,30,jul,1011,20,-1,0,unknown,no
57,housemaid,married,secondary,no,0,no,no,cellular,22,aug,197,2,-1,0,unknown,no
39,management,married,tertiary,no,0,yes,no,unknown,2,jun,46,2,-1,0,unknown,no
47,self-employed,married,secondary,no,0,no,no,unknown,26,jun,174,8,-1,0,unknown,no
27,admin.,married,secondary,no,1033,yes,no,unknown,9,may,1713,1,-1,0,unknown,no
48,technician,married,secondary,no,5,no,no,unknown,9,jun,65,6,-1,0,unknown,no
33,technician,divorced,secondary,no,0,no,no,cellular,21,aug,224,8,-1,0,unknown,no
43,technician,married,secondary,no,17,yes,no,unknown,16,may,353,4,-1,0,unknown,no
50,management,divorced,tertiary,no,201,yes,no,cellular,24,jul,248,1,-1,0,unknown,no
49,blue-collar,married,secondary,no,2039,yes,no,cellular,18,nov,283,2,-1,0,unknown,no
39,blue-collar,married,secondary,no,293,yes,no,unknown,23,may,160,3,-1,0,unknown,no
32,management,single,tertiary,no,577,no,no,cellular,7,aug,101,2,-1,0,unknown,no
47,admin.,married,secondary,no,1934,no,yes,cellular,14,may,225,1,364,1,failure,no
45,services,married,secondary,no,0,no,yes,cellular,8,jul,47,7,-1,0,unknown,no
44,admin.,married,secondary,no,5181,yes,yes,cellular,31,jul,18,7,-1,0,unknown,no
33,blue-collar,married,secondary,no,687,yes,no,cellular,14,may,72,2,370,1,failure,no
32,management,single,tertiary,no,8436,yes,no,cellular,17,apr,245,1,149,2,failure,no
49,technician,married,secondary,no,2718,no,no,unknown,19,may,114,2,-1,0,unknown,no
36,entrepreneur,married,tertiary,no,6,no,no,telephone,30,oct,246,1,-1,0,unknown,no
28,blue-collar,single,secondary,no,3412,yes,no,cellular,15,may,22,4,-1,0,unknown,no
34,self-employed,married,primary,no,712,yes,no,unknown,2,jun,326,3,-1,0,unknown,no
26,services,single,secondary,no,1700,yes,no,cellular,7,may,13,5,-1,0,unknown,no
59,admin.,married,secondary,no,817,no,no,cellular,9,apr,304,1,-1,0,unknown,no
34,blue-collar,married,secondary,no,250,yes,no,unknown,29,may,193,6,-1,0,unknown,no
38,blue-collar,married,secondary,no,1205,yes,no,cellular,20,apr,45,4,153,1,failure,no
32,technician,divorced,secondary,no,202,yes,no,cellular,4,feb,429,1,201,1,failure,no
27,blue-collar,single,secondary,no,23,no,no,cellular,26,feb,590,2,-1,0,unknown,no
31,admin.,married,secondary,no,389,yes,no,cellular,7,dec,69,1,185,2,failure,no
27,technician,single,secondary,no,15,yes,no,cellular,25,jul,67,3,-1,0,unknown,no
48,blue-collar,married,primary,no,574,no,no,cellular,5,aug,348,1,-1,0,unknown,no
34,admin.,single,secondary,no,10,no,yes,cellular,18,nov,162,1,173,3,failure,no
45,services,divorced,primary,no,3854,yes,no,unknown,20,jun,10,3,-1,0,unknown,no
58,blue-collar,married,primary,no,73,no,no,unknown,17,jun,116,1,-1,0,unknown,no
58,blue-collar,married,primary,no,0,yes,no,unknown,29,may,535,2,-1,0,unknown,no
37,technician,married,tertiary,no,0,yes,no,cellular,17,nov,77,1,-1,0,unknown,no
63,retired,married,secondary,no,415,yes,no,cellular,7,oct,323,1,-1,0,unknown,no
47,technician,married,primary,no,187,yes,no,unknown,9,may,165,1,-1,0,unknown,no
51,unemployed,married,tertiary,no,1634,yes,no,cellular,22,jul,168,4,-1,0,unknown,no
39,technician,married,secondary,no,147,yes,no,cellular,6,may,151,2,-1,0,unknown,no
53,services,divorced,unknown,no,1012,yes,no,cellular,28,jul,332,2,-1,0,unknown,no
59,management,married,primary,no,2358,yes,no,cellular,17,apr,30,1,-1,0,unknown,no
48,blue-collar,married,primary,no,1678,no,no,cellular,28,jan,263,2,-1,0,unknown,no
31,unknown,divorced,tertiary,no,137,no,no,cellular,22,aug,385,9,-1,0,unknown,no
42,unemployed,married,secondary,no,8131,yes,no,unknown,30,may,69,1,-1,0,unknown,no
55,management,married,tertiary,no,236,no,no,cellular,4,aug,200,1,-1,0,unknown,no
28,technician,single,tertiary,no,0,yes,no,unknown,4,jun,205,6,-1,0,unknown,no
29,services,single,secondary,no,192,no,no,cellular,30,jan,327,4,-1,0,unknown,no
34,admin.,single,secondary,no,6979,yes,no,cellular,15,may,14,5,-1,0,unknown,no
54,blue-collar,married,unknown,no,191,no,no,cellular,4,aug,753,2,-1,0,unknown,no
46,management,single,primary,no,538,no,no,unknown,17,jun,118,3,-1,0,unknown,no
46,blue-collar,married,secondary,no,519,yes,no,cellular,25,aug,217,6,-1,0,unknown,no
33,technician,single,secondary,no,716,yes,no,cellular,14,may,234,2,-1,0,unknown,no
28,management,single,tertiary,no,2380,no,no,cellular,14,sep,394,2,-1,0,unknown,no
26,technician,married,secondary,no,18,yes,yes,cellular,5,may,138,1,-1,0,unknown,no
28,technician,divorced,tertiary,no,594,yes,yes,unknown,18,jun,54,3,-1,0,unknown,no
59,retired,married,secondary,no,1173,no,no,unknown,9,jun,77,2,-1,0,unknown,no
47,technician,married,secondary,no,599,yes,no,cellular,13,aug,99,3,-1,0,unknown,no
39,blue-collar,married,secondary,no,1439,yes,no,telephone,28,jul,73,6,-1,0,unknown,no
41,blue-collar,married,secondary,no,4900,yes,no,telephone,31,jul,121,2,-1,0,unknown,no
34,admin.,married,secondary,no,475,yes,no,unknown,7,may,559,1,-1,0,unknown,no
45,technician,divorced,secondary,no,809,yes,no,cellular,13,may,155,2,363,4,failure,no
32,blue-collar,married,secondary,no,1787,yes,no,cellular,12,may,87,4,357,4,failure,no
26,services,single,secondary,no,256,yes,no,cellular,4,may,101,2,-1,0,unknown,no
23,student,single,secondary,no,8494,no,no,cellular,25,aug,158,2,-1,0,unknown,no
30,admin.,single,secondary,no,127,yes,no,cellular,18,may,16,6,368,1,other,no
57,housemaid,married,primary,no,7082,no,no,unknown,6,jun,69,3,-1,0,unknown,no
49,management,married,tertiary,no,1430,no,no,cellular,18,nov,231,2,-1,0,unknown,no
37,blue-collar,married,secondary,no,-67,no,no,cellular,2,feb,157,1,-1,0,unknown,no
33,blue-collar,single,primary,no,1,yes,no,cellular,20,apr,257,1,-1,0,unknown,no
45,admin.,married,unknown,no,2033,no,no,cellular,30,nov,123,1,186,4,failure,no
28,services,single,secondary,no,229,yes,no,unknown,9,may,322,1,-1,0,unknown,no
73,retired,married,secondary,no,19,no,no,cellular,5,nov,509,2,-1,0,unknown,no
32,management,single,tertiary,no,3616,no,no,cellular,14,aug,165,2,-1,0,unknown,no
38,technician,married,secondary,no,4030,yes,no,cellular,19,nov,75,2,177,5,failure,no
42,technician,single,tertiary,no,-411,yes,no,cellular,12,may,78,5,292,3,failure,no
32,blue-collar,single,secondary,no,2,no,no,unknown,9,may,144,2,-1,0,unknown,no
33,services,married,primary,no,0,yes,no,cellular,18,jul,351,2,-1,0,unknown,no
33,blue-collar,single,secondary,no,142,yes,no,cellular,14,may,123,1,360,3,other,no
49,technician,married,secondary,no,4667,yes,no,unknown,19,may,130,2,-1,0,unknown,no
26,management,single,tertiary,no,-8,no,no,cellular,13,aug,402,2,-1,0,unknown,no
43,blue-collar,married,primary,no,7343,yes,no,unknown,2,jun,217,4,-1,0,unknown,no
26,blue-collar,single,secondary,no,-32,yes,yes,cellular,31,jul,14,6,-1,0,unknown,no
34,management,married,tertiary,no,-73,yes,no,cellular,11,jul,90,1,-1,0,unknown,no
40,technician,married,secondary,no,169,yes,no,cellular,18,aug,43,4,-1,0,unknown,no
32,technician,single,tertiary,no,1059,yes,no,cellular,17,apr,115,1,-1,0,unknown,no
50,blue-collar,married,secondary,no,253,yes,yes,cellular,5,may,475,2,-1,0,unknown,no
31,technician,single,unknown,no,694,yes,no,unknown,6,jun,431,2,-1,0,unknown,no
58,management,married,secondary,no,37,no,no,cellular,18,aug,84,11,-1,0,unknown,no
42,blue-collar,divorced,secondary,no,1491,yes,no,cellular,6,may,203,2,334,2,failure,no
50,technician,married,secondary,no,2497,yes,no,cellular,21,nov,35,1,176,1,failure,no
31,unemployed,single,secondary,no,315,no,no,cellular,30,jan,130,1,2,1,other,no
50,technician,married,secondary,no,0,no,no,cellular,7,jul,152,2,-1,0,unknown,no
56,retired,married,primary,no,1906,no,yes,unknown,19,jun,45,9,-1,0,unknown,no
57,admin.,married,tertiary,no,46,no,no,cellular,7,aug,238,2,-1,0,unknown,no
37,management,divorced,tertiary,no,0,yes,no,cellular,11,may,217,6,-1,0,unknown,no
47,technician,divorced,tertiary,no,477,yes,no,telephone,7,may,973,1,366,1,failure,no
51,blue-collar,married,primary,no,844,yes,no,unknown,29,may,184,3,-1,0,unknown,no
49,blue-collar,married,secondary,no,322,no,no,cellular,14,aug,356,2,-1,0,unknown,no
23,admin.,single,secondary,no,5,no,no,unknown,12,may,413,1,-1,0,unknown,no
55,housemaid,married,secondary,no,139,no,no,cellular,22,aug,256,2,-1,0,unknown,no
46,technician,married,secondary,no,966,yes,yes,cellular,19,aug,40,2,-1,0,unknown,no
60,admin.,married,secondary,no,2552,no,yes,cellular,30,jan,255,2,2,4,other,no
57,housemaid,married,primary,no,501,yes,yes,cellular,7,aug,59,2,-1,0,unknown,no
32,blue-collar,married,secondary,no,-63,yes,no,unknown,30,may,198,1,-1,0,unknown,no
64,housemaid,married,primary,no,768,no,no,cellular,15,jul,250,2,182,1,success,no
38,housemaid,married,secondary,no,-278,yes,no,cellular,28,jul,143,2,-1,0,unknown,no
43,unemployed,married,secondary,no,3529,no,no,cellular,5,feb,169,2,-1,0,unknown,no
41,admin.,divorced,secondary,no,-365,yes,no,unknown,28,may,226,10,-1,0,unknown,no
51,blue-collar,married,primary,no,5050,no,yes,unknown,16,jun,75,7,-1,0,unknown,no
31,admin.,married,secondary,no,0,yes,no,unknown,14,may,40,2,-1,0,unknown,no
34,management,married,tertiary,no,4831,yes,no,cellular,4,feb,265,1,-1,0,unknown,no
37,management,married,tertiary,no,0,yes,no,unknown,3,jun,247,13,-1,0,unknown,no
66,management,single,tertiary,no,6483,no,no,cellular,13,aug,275,1,-1,0,unknown,no
27,services,single,secondary,yes,-1,no,no,cellular,22,jul,60,2,-1,0,unknown,no
43,management,married,tertiary,no,348,no,yes,cellular,15,jul,88,3,-1,0,unknown,no
31,management,married,secondary,no,1368,yes,no,cellular,12,aug,129,4,-1,0,unknown,no
58,blue-collar,divorced,secondary,no,543,no,yes,telephone,17,jul,264,3,-1,0,unknown,no
44,management,married,secondary,no,2984,yes,no,unknown,15,may,770,2,-1,0,unknown,no
25,technician,married,tertiary,no,914,yes,no,cellular,12,may,185,2,-1,0,unknown,no
39,services,married,primary,no,1601,yes,no,unknown,23,may,201,2,-1,0,unknown,no
28,blue-collar,married,secondary,no,373,yes,no,cellular,14,may,10,9,344,1,failure,no
50,self-employed,married,tertiary,no,4012,no,no,cellular,19,nov,690,3,-1,0,unknown,no
34,blue-collar,married,secondary,no,1298,yes,no,unknown,20,may,120,1,-1,0,unknown,no
36,management,married,tertiary,no,-296,yes,no,cellular,14,may,113,3,-1,0,unknown,no
31,admin.,single,secondary,no,1588,yes,no,unknown,3,jun,14,1,-1,0,unknown,no
40,unemployed,married,secondary,no,0,yes,no,cellular,19,nov,332,1,183,1,failure,no
46,management,divorced,tertiary,no,-154,yes,yes,unknown,27,may,107,2,-1,0,unknown,no
36,blue-collar,divorced,primary,no,117,yes,no,unknown,2,jun,123,4,-1,0,unknown,no
33,management,married,unknown,no,18347,yes,no,unknown,23,may,415,1,-1,0,unknown,no
40,services,married,secondary,no,771,yes,no,cellular,15,may,173,4,-1,0,unknown,no
45,blue-collar,married,secondary,no,827,yes,no,unknown,15,may,319,5,-1,0,unknown,no
29,services,married,secondary,no,57,yes,no,telephone,21,jul,342,9,-1,0,unknown,no
32,services,single,secondary,no,406,yes,no,unknown,6,may,227,1,-1,0,unknown,no
29,admin.,single,secondary,no,1448,no,no,cellular,10,mar,217,1,184,7,other,no
32,management,married,tertiary,no,138,no,no,cellular,20,aug,94,4,-1,0,unknown,no
32,management,single,tertiary,no,347,yes,no,cellular,18,may,213,1,264,6,failure,no
41,blue-collar,married,primary,no,293,yes,yes,cellular,7,may,102,1,-1,0,unknown,no
43,blue-collar,married,unknown,yes,-715,yes,no,unknown,30,may,67,3,-1,0,unknown,no
35,technician,divorced,secondary,no,0,no,no,cellular,25,aug,124,4,-1,0,unknown,no
28,unemployed,single,secondary,no,16,no,no,cellular,12,aug,119,4,-1,0,unknown,no
49,technician,married,tertiary,no,1843,yes,no,cellular,25,may,269,1,-1,0,unknown,no
41,entrepreneur,married,unknown,no,89,yes,no,unknown,6,may,333,2,-1,0,unknown,no
38,entrepreneur,married,secondary,no,157,no,yes,cellular,15,may,57,11,366,1,other,no
41,blue-collar,married,secondary,no,780,yes,no,cellular,15,may,432,3,-1,0,unknown,no
56,services,married,secondary,no,83,no,no,cellular,27,aug,26,11,-1,0,unknown,no
30,admin.,married,secondary,no,124,no,no,telephone,16,jun,161,2,-1,0,unknown,no
31,entrepreneur,married,tertiary,no,5191,no,no,cellular,20,nov,187,2,-1,0,unknown,no
47,technician,married,tertiary,no,2408,no,no,cellular,12,aug,236,1,104,1,success,no
38,unemployed,married,primary,no,-363,no,no,unknown,12,jun,340,2,-1,0,unknown,no
33,admin.,single,secondary,no,894,no,no,cellular,5,feb,509,2,-1,0,unknown,no
42,technician,married,secondary,no,-1310,yes,yes,unknown,28,may,162,1,-1,0,unknown,no
40,admin.,married,secondary,no,0,yes,yes,cellular,17,nov,57,1,-1,0,unknown,no
30,student,single,secondary,no,0,yes,no,cellular,19,nov,661,1,-1,0,unknown,no
36,technician,married,tertiary,no,0,no,no,cellular,22,aug,147,2,-1,0,unknown,no
44,services,married,secondary,no,1989,yes,yes,cellular,20,apr,106,2,-1,0,unknown,no
57,retired,married,secondary,no,107,no,no,cellular,14,jul,85,2,-1,0,unknown,no
59,management,divorced,primary,no,133,yes,no,cellular,9,jul,206,1,-1,0,unknown,no
42,housemaid,married,primary,no,83,no,yes,cellular,7,aug,184,1,-1,0,unknown,no
45,blue-collar,married,primary,no,137,yes,yes,unknown,16,may,187,19,-1,0,unknown,no
54,blue-collar,divorced,primary,no,-182,no,no,cellular,9,jul,98,1,-1,0,unknown,no
37,self-employed,married,tertiary,no,0,no,no,unknown,6,jun,143,1,-1,0,unknown,no
54,services,married,secondary,no,812,no,no,cellular,31,jul,113,6,-1,0,unknown,no
48,services,single,primary,no,1499,yes,no,cellular,12,may,17,7,-1,0,unknown,no
40,services,married,secondary,no,17,no,no,cellular,4,jun,78,1,-1,0,unknown,no
53,technician,married,secondary,no,65,no,no,cellular,25,aug,41,2,-1,0,unknown,no
44,blue-collar,married,secondary,no,1910,yes,no,unknown,5,jun,41,1,-1,0,unknown,no
34,technician,single,tertiary,no,144,yes,yes,cellular,14,oct,104,1,85,19,failure,no
40,technician,married,secondary,no,694,yes,no,cellular,4,feb,97,4,196,5,failure,no
54,technician,divorced,secondary,no,1114,yes,no,cellular,30,jan,81,1,-1,0,unknown,no
69,retired,married,secondary,no,745,no,no,telephone,9,sep,595,1,-1,0,unknown,no
37,services,married,secondary,no,1,no,no,unknown,15,may,395,2,-1,0,unknown,no
36,services,married,secondary,no,-302,yes,no,cellular,13,may,36,2,-1,0,unknown,no
35,admin.,married,secondary,no,147,yes,yes,cellular,29,jan,41,1,184,7,failure,no
36,entrepreneur,married,tertiary,no,1169,yes,no,unknown,6,may,168,2,-1,0,unknown,no
32,technician,married,secondary,yes,4,yes,yes,cellular,25,aug,132,8,-1,0,unknown,no
23,technician,single,secondary,no,-306,yes,no,unknown,4,jun,217,2,-1,0,unknown,no
36,technician,married,tertiary,no,491,yes,no,unknown,8,may,103,3,-1,0,unknown,no
53,unknown,married,unknown,no,13,no,no,telephone,28,jan,69,1,-1,0,unknown,no
43,technician,divorced,secondary,no,167,no,no,cellular,4,aug,211,3,-1,0,unknown,no
28,technician,single,secondary,no,1532,no,no,cellular,22,may,253,1,107,5,failure,no
31,blue-collar,single,primary,no,-280,no,no,unknown,21,may,281,3,-1,0,unknown,no
30,blue-collar,single,secondary,no,6900,no,no,cellular,21,nov,816,1,-1,0,unknown,no
41,technician,married,secondary,no,0,no,yes,cellular,23,jul,107,1,-1,0,unknown,no
35,unknown,married,primary,no,634,no,no,cellular,7,jul,185,2,-1,0,unknown,no
34,management,married,tertiary,no,417,yes,no,cellular,18,nov,138,1,-1,0,unknown,no
25,services,single,secondary,no,-352,no,no,cellular,15,jul,246,1,-1,0,unknown,no
47,management,married,tertiary,no,3681,no,no,cellular,14,aug,101,2,-1,0,unknown,no
35,services,divorced,secondary,no,67,yes,no,cellular,5,may,192,2,-1,0,unknown,no
37,entrepreneur,single,secondary,no,654,no,no,unknown,19,may,594,2,-1,0,unknown,no
29,management,married,tertiary,no,361,yes,yes,cellular,28,jul,819,3,-1,0,unknown,no
42,admin.,married,secondary,no,3165,yes,no,unknown,16,jun,298,4,-1,0,unknown,no
43,unknown,single,unknown,no,181,no,no,telephone,28,jan,41,1,-1,0,unknown,no
44,blue-collar,married,secondary,no,-182,yes,yes,cellular,14,may,10,10,-1,0,unknown,no
41,management,married,tertiary,no,72,yes,no,unknown,7,may,764,3,-1,0,unknown,no
32,admin.,single,tertiary,no,-59,no,yes,unknown,4,jul,192,1,-1,0,unknown,no
54,blue-collar,married,primary,no,4503,no,no,telephone,21,nov,168,3,-1,0,unknown,no
31,blue-collar,married,secondary,no,191,yes,no,unknown,2,jun,40,1,-1,0,unknown,no
32,blue-collar,married,primary,no,642,no,yes,cellular,8,jul,524,1,-1,0,unknown,no
38,management,single,tertiary,no,1373,no,no,cellular,22,oct,119,4,-1,0,unknown,no
35,services,married,secondary,no,128,yes,no,cellular,12,may,136,1,-1,0,unknown,no
36,admin.,married,secondary,no,470,yes,no,cellular,31,jul,101,4,-1,0,unknown,no
30,technician,single,secondary,no,4787,yes,no,cellular,18,nov,266,1,167,2,failure,no
51,blue-collar,married,primary,no,872,no,no,cellular,8,aug,82,2,-1,0,unknown,no
33,management,divorced,tertiary,no,0,yes,yes,cellular,19,aug,275,8,-1,0,unknown,no
46,management,single,tertiary,no,2154,yes,no,cellular,21,jul,87,4,-1,0,unknown,no
42,blue-collar,married,primary,no,1156,yes,no,telephone,20,apr,37,1,-1,0,unknown,no
30,management,single,tertiary,no,2,no,no,cellular,16,jun,102,1,85,1,failure,no
37,technician,single,tertiary,no,1661,no,no,cellular,19,aug,199,5,-1,0,unknown,no
38,blue-collar,married,secondary,no,5092,yes,no,unknown,17,jun,145,6,-1,0,unknown,no
47,housemaid,married,primary,no,201,yes,no,cellular,7,aug,58,2,382,1,failure,no
31,management,married,tertiary,no,13,no,no,cellular,28,aug,110,5,-1,0,unknown,no
51,technician,divorced,secondary,no,2323,yes,yes,cellular,18,aug,151,10,-1,0,unknown,no
58,retired,married,secondary,no,413,no,no,cellular,27,aug,104,5,-1,0,unknown,no
37,admin.,married,secondary,no,1314,yes,no,cellular,8,may,682,2,85,7,success,no
30,management,single,tertiary,no,2186,yes,no,unknown,3,jun,366,1,-1,0,unknown,no
46,blue-collar,married,primary,no,328,yes,no,unknown,21,may,526,8,-1,0,unknown,no
52,self-employed,married,secondary,no,9,no,yes,unknown,6,jun,44,1,-1,0,unknown,no
42,blue-collar,married,secondary,no,179,yes,no,cellular,17,nov,96,1,-1,0,unknown,no
61,management,married,secondary,no,1471,no,no,cellular,12,aug,331,2,-1,0,unknown,no
56,blue-collar,married,secondary,no,2190,no,yes,cellular,30,jan,90,2,232,1,failure,no
42,management,married,primary,no,-679,yes,yes,cellular,6,may,159,1,343,2,failure,no
60,blue-collar,married,unknown,no,104,yes,no,unknown,5,may,22,1,-1,0,unknown,no
34,entrepreneur,married,tertiary,no,4343,no,no,unknown,9,jun,85,4,-1,0,unknown,no
37,blue-collar,married,primary,no,378,yes,no,unknown,9,may,514,1,-1,0,unknown,no
31,blue-collar,single,secondary,no,1882,no,no,cellular,7,may,529,2,-1,0,unknown,no
34,technician,married,secondary,no,1,yes,no,cellular,19,nov,108,1,-1,0,unknown,no
36,management,married,tertiary,no,27359,yes,no,unknown,3,jun,71,2,-1,0,unknown,no
37,management,married,tertiary,no,410,no,no,cellular,29,jan,337,2,-1,0,unknown,no
49,unknown,married,unknown,no,301,no,no,cellular,14,aug,789,2,-1,0,unknown,no
38,services,single,secondary,no,-196,yes,no,cellular,2,feb,60,1,271,1,failure,no
26,housemaid,married,tertiary,no,543,no,no,cellular,30,jan,169,3,-1,0,unknown,no
41,technician,married,tertiary,no,744,yes,no,unknown,14,may,125,1,-1,0,unknown,no
41,technician,divorced,secondary,no,0,yes,no,cellular,17,nov,386,2,-1,0,unknown,no
34,blue-collar,married,secondary,no,67,yes,yes,unknown,8,may,672,3,-1,0,unknown,no
38,technician,single,secondary,no,173,no,no,cellular,29,aug,150,4,-1,0,unknown,no
35,technician,divorced,tertiary,no,4515,yes,no,cellular,19,nov,98,2,-1,0,unknown,no
35,technician,single,secondary,no,175,yes,no,cellular,29,jan,219,1,246,1,failure,no
33,blue-collar,married,primary,no,0,yes,no,unknown,15,may,270,1,-1,0,unknown,no
30,blue-collar,married,primary,no,1317,yes,no,unknown,21,may,395,2,-1,0,unknown,no
59,blue-collar,married,primary,no,179,yes,no,unknown,5,may,55,3,-1,0,unknown,no
31,technician,single,secondary,no,433,no,no,cellular,11,aug,1504,2,-1,0,unknown,no
41,blue-collar,married,primary,no,389,yes,no,unknown,16,jun,87,6,-1,0,unknown,no
55,admin.,married,primary,no,343,yes,no,cellular,14,jul,276,3,-1,0,unknown,no
35,technician,divorced,secondary,no,308,no,no,cellular,22,aug,77,2,-1,0,unknown,no
46,housemaid,single,tertiary,no,3232,no,no,telephone,15,jun,94,2,-1,0,unknown,no
53,retired,married,secondary,no,1278,yes,no,telephone,15,jul,174,3,-1,0,unknown,no
35,management,married,tertiary,no,8,yes,no,unknown,23,may,55,4,-1,0,unknown,no
34,management,single,tertiary,no,340,yes,no,unknown,3,jun,633,28,-1,0,unknown,no
58,retired,married,secondary,no,14412,no,no,cellular,18,nov,297,1,-1,0,unknown,no
53,management,divorced,primary,no,255,no,no,cellular,19,nov,126,1,-1,0,unknown,no
57,retired,married,secondary,yes,32,yes,no,cellular,15,may,476,3,-1,0,unknown,no
52,blue-collar,married,secondary,no,60,no,yes,cellular,26,aug,196,2,-1,0,unknown,no
34,management,married,tertiary,no,1116,yes,no,cellular,25,jul,53,5,-1,0,unknown,no
30,services,single,secondary,no,566,no,no,cellular,5,feb,110,1,-1,0,unknown,no
57,blue-collar,married,secondary,no,14093,no,no,cellular,11,aug,231,5,-1,0,unknown,no
41,management,married,tertiary,no,4824,no,yes,cellular,18,jul,168,7,-1,0,unknown,no
51,blue-collar,married,primary,no,3726,no,yes,cellular,27,aug,119,12,-1,0,unknown,no
36,services,married,secondary,no,472,yes,no,unknown,19,jun,1017,1,-1,0,unknown,no
46,blue-collar,married,secondary,no,0,yes,no,cellular,8,may,264,2,-1,0,unknown,no
37,self-employed,married,tertiary,no,137,no,no,cellular,13,aug,244,6,-1,0,unknown,no
28,technician,single,secondary,no,618,yes,no,cellular,7,may,281,1,-1,0,unknown,no
54,retired,married,secondary,no,1139,yes,no,cellular,14,may,155,1,177,7,failure,no
49,blue-collar,married,primary,no,365,no,no,unknown,26,may,59,2,-1,0,unknown,no
58,services,married,primary,no,65,no,no,unknown,27,jun,162,1,-1,0,unknown,no
48,blue-collar,married,secondary,no,1159,yes,yes,cellular,15,may,1181,9,-1,0,unknown,no
32,blue-collar,single,secondary,no,-84,yes,no,cellular,11,may,426,1,-1,0,unknown,no
57,housemaid,married,primary,no,0,no,no,unknown,9,jun,257,2,-1,0,unknown,no
52,technician,married,secondary,no,118,no,no,cellular,28,aug,16,20,-1,0,unknown,no
28,blue-collar,married,secondary,no,4287,no,no,cellular,30,apr,171,1,-1,0,unknown,no
40,self-employed,married,secondary,no,1516,yes,yes,unknown,23,may,373,1,-1,0,unknown,no
40,technician,married,secondary,no,697,no,no,cellular,24,jun,220,2,219,2,other,no
42,admin.,divorced,secondary,no,63,no,no,unknown,16,may,88,6,-1,0,unknown,no
30,blue-collar,married,primary,no,2581,no,no,unknown,12,may,221,2,-1,0,unknown,no
39,entrepreneur,married,secondary,no,0,no,no,cellular,21,nov,108,7,-1,0,unknown,no
51,self-employed,divorced,secondary,no,1291,yes,no,unknown,3,jun,51,2,-1,0,unknown,no
63,retired,married,secondary,no,2747,no,no,cellular,11,sep,113,1,80,1,failure,no
27,services,single,secondary,no,795,no,no,cellular,6,feb,101,3,-1,0,unknown,no
48,unknown,married,unknown,no,286,no,no,cellular,30,jul,166,2,-1,0,unknown,no
48,management,married,secondary,no,2294,yes,no,unknown,26,may,251,11,-1,0,unknown,no
37,services,divorced,secondary,no,532,yes,no,unknown,11,jun,199,1,-1,0,unknown,no
35,management,married,tertiary,no,552,yes,yes,cellular,19,nov,314,2,124,1,failure,no
57,management,married,tertiary,no,3250,no,no,cellular,20,aug,162,3,-1,0,unknown,no
30,admin.,married,tertiary,no,400,yes,no,cellular,7,may,223,1,-1,0,unknown,no
55,blue-collar,married,primary,no,1649,yes,no,cellular,12,may,52,3,-1,0,unknown,no
46,technician,married,secondary,no,410,no,yes,cellular,21,nov,162,5,-1,0,unknown,no
32,blue-collar,single,tertiary,no,3014,yes,no,cellular,7,may,291,2,-1,0,unknown,no
40,technician,single,tertiary,no,226,no,no,cellular,15,jan,176,2,-1,0,unknown,no
43,entrepreneur,married,secondary,no,59,no,no,unknown,13,may,437,2,-1,0,unknown,no
38,technician,single,tertiary,no,744,yes,no,cellular,14,may,283,1,288,12,other,no
26,technician,single,secondary,no,455,no,no,cellular,29,jan,240,1,182,8,other,no
50,management,married,secondary,no,732,no,no,cellular,7,apr,736,7,-1,0,unknown,no
42,management,divorced,tertiary,no,16,no,no,cellular,19,nov,140,3,-1,0,unknown,no
40,self-employed,married,tertiary,no,1603,no,no,unknown,17,jun,279,1,-1,0,unknown,no
55,technician,married,secondary,no,0,yes,no,unknown,30,may,119,2,-1,0,unknown,no
38,self-employed,single,secondary,no,1146,yes,no,unknown,21,may,91,2,-1,0,unknown,no
52,entrepreneur,married,secondary,no,0,no,no,cellular,7,aug,82,2,-1,0,unknown,no
20,student,single,secondary,no,502,no,no,cellular,30,apr,261,1,-1,0,unknown,yes
68,retired,divorced,secondary,no,4189,no,no,telephone,14,jul,897,2,-1,0,unknown,yes
32,management,single,tertiary,no,2536,yes,no,cellular,26,aug,958,6,-1,0,unknown,yes
49,technician,married,tertiary,no,1235,no,no,cellular,13,aug,354,3,-1,0,unknown,yes
78,retired,divorced,primary,no,229,no,no,telephone,22,oct,97,1,-1,0,unknown,yes
32,blue-collar,married,secondary,no,2089,yes,no,cellular,14,nov,132,1,-1,0,unknown,yes
33,management,married,secondary,no,3935,yes,no,cellular,6,may,765,1,342,2,failure,yes
61,admin.,married,unknown,no,4629,yes,no,cellular,27,jan,181,1,92,1,success,yes
45,blue-collar,divorced,primary,no,844,no,no,unknown,5,jun,1018,3,-1,0,unknown,yes
34,technician,married,tertiary,no,1539,yes,no,cellular,15,jun,441,1,56,1,other,yes
37,management,married,tertiary,no,0,no,no,cellular,16,jul,268,2,182,3,success,yes
27,admin.,divorced,secondary,no,451,yes,no,cellular,16,jul,652,1,-1,0,unknown,yes
52,services,married,secondary,no,657,no,no,telephone,7,jul,398,2,460,2,failure,yes
37,management,married,tertiary,no,1315,no,no,cellular,30,jun,224,1,-1,0,unknown,yes
27,services,single,secondary,no,-195,yes,no,cellular,18,may,391,1,-1,0,unknown,yes
31,unemployed,single,primary,no,406,no,no,cellular,4,feb,736,1,-1,0,unknown,yes
56,unemployed,married,primary,no,3391,no,no,cellular,21,apr,243,1,-1,0,unknown,yes
21,student,single,secondary,no,2488,no,no,cellular,30,jun,258,6,169,3,success,yes
25,student,single,secondary,no,331,no,no,telephone,26,aug,170,4,-1,0,unknown,yes
25,technician,single,secondary,no,505,no,yes,cellular,17,nov,386,2,-1,0,unknown,yes
34,self-employed,single,tertiary,no,462,no,no,cellular,21,aug,1877,3,-1,0,unknown,yes
77,retired,divorced,tertiary,no,4659,no,no,cellular,14,apr,161,1,-1,0,unknown,yes
52,management,married,tertiary,no,-970,yes,no,cellular,4,feb,489,1,-1,0,unknown,yes
55,admin.,married,secondary,no,602,no,no,cellular,1,jun,324,3,90,2,success,yes
28,management,single,tertiary,no,80,no,no,cellular,20,oct,676,2,146,2,failure,yes
56,retired,married,secondary,no,-1206,yes,no,cellular,15,jun,382,2,-1,0,unknown,yes
75,retired,married,secondary,no,3771,no,no,telephone,15,apr,185,1,181,2,success,yes
35,technician,single,tertiary,no,2658,yes,no,cellular,19,aug,768,2,141,3,failure,yes
29,blue-collar,single,tertiary,no,455,no,no,telephone,21,apr,403,1,-1,0,unknown,yes
42,management,married,tertiary,no,372,yes,no,cellular,3,aug,654,2,-1,0,unknown,yes
29,blue-collar,single,secondary,no,482,no,yes,cellular,10,jul,1097,3,-1,0,unknown,yes
24,blue-collar,single,secondary,no,174,yes,yes,cellular,18,may,487,1,-1,0,unknown,yes
34,admin.,married,tertiary,no,69,no,yes,cellular,4,aug,120,3,1,6,success,yes
50,blue-collar,married,primary,no,4108,yes,no,cellular,7,aug,526,2,-1,0,unknown,yes
49,entrepreneur,divorced,unknown,yes,-701,yes,no,cellular,30,jul,988,2,-1,0,unknown,yes
45,blue-collar,divorced,primary,no,-311,yes,no,unknown,23,may,1030,1,-1,0,unknown,yes
38,entrepreneur,married,secondary,no,593,yes,yes,cellular,24,jul,1484,24,-1,0,unknown,yes
32,blue-collar,married,secondary,no,759,yes,no,cellular,9,apr,317,5,-1,0,unknown,yes
49,entrepreneur,married,secondary,no,687,yes,no,cellular,17,apr,772,1,-1,0,unknown,yes
25,admin.,single,tertiary,no,760,yes,no,cellular,27,may,223,3,89,2,failure,yes
35,entrepreneur,married,secondary,no,2971,no,no,cellular,4,may,429,4,164,2,failure,yes
38,management,married,tertiary,no,1199,no,no,cellular,4,aug,178,1,1,1,success,yes
35,entrepreneur,single,tertiary,no,145,yes,no,cellular,18,jul,799,2,-1,0,unknown,yes
35,unemployed,married,secondary,no,978,no,no,cellular,29,dec,1370,3,209,3,success,yes
32,services,married,primary,no,228,yes,no,cellular,21,jul,1017,6,-1,0,unknown,yes
30,management,single,tertiary,no,424,no,no,cellular,16,apr,298,4,-1,0,unknown,yes
55,management,married,primary,no,2587,no,no,cellular,4,sep,328,2,94,2,success,yes
48,admin.,divorced,secondary,no,4099,no,no,cellular,2,apr,397,2,-1,0,unknown,yes
60,technician,single,primary,no,11262,no,no,cellular,26,aug,323,1,-1,0,unknown,yes
37,management,married,tertiary,no,393,yes,no,cellular,14,may,567,3,275,4,failure,yes
59,retired,married,tertiary,no,9676,no,no,telephone,27,mar,234,2,-1,0,unknown,yes
28,blue-collar,single,secondary,no,517,no,yes,cellular,8,jul,681,1,-1,0,unknown,yes
54,admin.,married,secondary,no,0,no,no,cellular,28,jan,161,1,98,2,failure,yes
75,retired,divorced,tertiary,no,3810,yes,no,cellular,16,nov,262,1,183,1,failure,yes
49,management,divorced,tertiary,no,755,no,no,cellular,31,jul,1212,4,-1,0,unknown,yes
30,management,married,tertiary,no,1221,yes,no,telephone,25,jul,279,4,-1,0,unknown,yes
35,technician,married,secondary,no,4508,yes,no,cellular,18,nov,854,1,-1,0,unknown,yes
34,self-employed,single,tertiary,no,5462,no,no,cellular,30,apr,430,1,-1,0,unknown,yes
32,blue-collar,married,secondary,no,889,yes,no,cellular,10,sep,185,1,99,5,success,yes
61,admin.,married,secondary,no,4608,no,no,cellular,12,mar,212,1,-1,0,unknown,yes
77,retired,married,tertiary,no,7802,no,no,telephone,4,may,421,1,92,2,success,yes
53,admin.,married,secondary,no,1796,no,no,telephone,16,mar,295,1,91,2,success,yes
46,admin.,married,secondary,no,22,no,no,cellular,26,aug,388,6,-1,0,unknown,yes
44,technician,single,secondary,no,244,yes,no,cellular,12,aug,1735,4,-1,0,unknown,yes
19,student,single,primary,no,103,no,no,cellular,10,jul,104,2,-1,0,unknown,yes
30,blue-collar,single,secondary,no,315,no,no,cellular,23,jun,1407,1,-1,0,unknown,yes
52,technician,married,secondary,no,195,yes,no,cellular,18,feb,220,1,63,5,failure,yes
36,blue-collar,married,primary,no,1925,yes,no,cellular,20,apr,904,2,-1,0,unknown,yes
47,admin.,single,secondary,no,3696,no,no,cellular,12,jul,250,2,181,4,success,yes
43,management,single,tertiary,no,1304,no,no,cellular,6,aug,501,2,-1,0,unknown,yes
41,blue-collar,married,secondary,yes,720,no,yes,cellular,24,jul,651,1,-1,0,unknown,yes
28,technician,single,secondary,no,227,no,no,cellular,30,apr,278,1,-1,0,unknown,yes
32,services,single,secondary,no,2881,no,no,cellular,2,jul,356,1,-1,0,unknown,yes
41,self-employed,married,tertiary,no,231,no,no,cellular,7,aug,352,2,-1,0,unknown,yes
35,technician,married,tertiary,no,7050,no,no,cellular,11,aug,222,3,182,4,success,yes
30,management,single,tertiary,no,2,yes,yes,cellular,25,jul,1031,8,-1,0,unknown,yes
58,self-employed,divorced,tertiary,no,1382,no,no,unknown,9,jun,700,1,-1,0,unknown,yes
27,management,single,tertiary,no,703,yes,no,unknown,5,jun,590,3,-1,0,unknown,yes
39,management,married,tertiary,no,2763,yes,no,unknown,2,jun,526,2,-1,0,unknown,yes
46,self-employed,married,secondary,no,548,no,no,cellular,12,aug,1181,4,-1,0,unknown,yes
28,management,single,tertiary,no,0,yes,no,cellular,16,jul,767,5,-1,0,unknown,yes
38,technician,single,tertiary,no,25,yes,no,cellular,1,jun,232,2,-1,0,unknown,yes
28,services,single,secondary,no,168,no,no,cellular,1,jun,347,3,140,2,success,yes
32,management,divorced,tertiary,no,874,no,no,cellular,12,aug,1282,6,-1,0,unknown,yes
59,retired,married,unknown,no,1033,no,no,unknown,11,jun,1199,1,-1,0,unknown,yes
35,self-employed,divorced,tertiary,no,1354,yes,no,unknown,23,may,736,2,-1,0,unknown,yes
50,management,married,tertiary,no,3463,no,yes,cellular,28,oct,96,1,-1,0,unknown,yes
36,technician,married,secondary,no,480,no,no,cellular,20,oct,213,1,-1,0,unknown,yes
28,management,single,secondary,no,1633,no,no,cellular,5,jun,275,1,-1,0,unknown,yes
55,retired,married,primary,no,3334,no,no,cellular,14,aug,632,4,-1,0,unknown,yes
48,management,married,tertiary,no,1167,yes,yes,cellular,1,jun,264,1,-1,0,unknown,yes
29,blue-collar,single,secondary,no,908,yes,no,unknown,20,jun,1663,1,-1,0,unknown,yes
34,management,married,tertiary,no,703,yes,no,cellular,14,apr,342,1,-1,0,unknown,yes
43,management,married,tertiary,no,1429,yes,no,cellular,19,nov,1015,1,198,2,other,yes
47,blue-collar,married,secondary,no,1996,no,no,unknown,5,jun,761,2,-1,0,unknown,yes
39,services,single,secondary,no,7066,yes,no,cellular,15,may,667,3,357,3,other,yes
55,housemaid,divorced,primary,no,976,no,no,cellular,28,jun,345,1,94,3,other,yes
46,management,divorced,tertiary,no,624,no,no,cellular,17,sep,336,2,183,2,success,yes
41,admin.,single,secondary,no,1020,yes,no,unknown,19,may,882,1,-1,0,unknown,yes
31,housemaid,single,primary,no,26965,no,no,cellular,21,apr,654,2,-1,0,unknown,yes
26,admin.,single,secondary,no,255,no,no,cellular,30,apr,457,1,80,1,success,yes
60,technician,married,primary,no,65,yes,no,unknown,9,may,1028,2,-1,0,unknown,yes
27,student,single,tertiary,no,5291,no,no,cellular,12,nov,192,2,92,2,failure,yes
28,services,single,secondary,no,198,no,no,cellular,5,jul,128,2,-1,0,unknown,yes
34,blue-collar,divorced,unknown,no,172,no,no,cellular,15,jun,177,1,-1,0,unknown,yes
34,management,married,tertiary,no,0,yes,no,cellular,7,aug,262,1,99,2,success,yes
40,blue-collar,married,secondary,no,1451,no,no,cellular,1,jun,314,1,-1,0,unknown,yes
41,technician,married,secondary,no,1066,no,no,cellular,11,feb,109,3,-1,0,unknown,yes
33,management,single,tertiary,no,3143,no,no,cellular,29,jun,421,2,-1,0,unknown,yes
58,self-employed,married,primary,no,1013,yes,no,cellular,11,aug,206,1,461,1,failure,yes
34,blue-collar,single,secondary,no,215,no,no,cellular,3,mar,350,3,-1,0,unknown,yes
43,management,divorced,tertiary,no,388,yes,no,unknown,8,may,2087,2,-1,0,unknown,yes
59,self-employed,married,tertiary,no,2013,no,no,cellular,19,feb,222,4,94,2,success,yes
37,admin.,married,tertiary,no,3913,yes,no,cellular,27,apr,124,1,-1,0,unknown,yes
45,technician,single,secondary,no,410,yes,no,unknown,30,may,891,4,-1,0,unknown,yes
49,blue-collar,married,secondary,no,-454,yes,no,cellular,14,may,558,1,-1,0,unknown,yes
53,retired,married,secondary,no,665,yes,no,cellular,22,apr,371,2,-1,0,unknown,yes
42,technician,married,secondary,no,994,yes,no,cellular,11,aug,149,1,78,5,failure,yes
45,admin.,married,secondary,no,5346,yes,yes,unknown,21,oct,187,1,-1,0,unknown,yes
56,retired,married,secondary,no,1044,no,no,telephone,3,jul,353,2,-1,0,unknown,yes
55,blue-collar,divorced,secondary,no,1613,yes,no,cellular,3,apr,296,1,270,3,failure,yes
34,services,married,secondary,no,1337,no,no,cellular,17,dec,330,2,127,3,success,yes
63,entrepreneur,married,secondary,no,3904,no,no,telephone,4,aug,250,2,187,2,success,yes
48,management,married,tertiary,no,1147,no,no,cellular,5,aug,389,1,64,2,success,yes
36,blue-collar,married,secondary,no,1049,yes,no,cellular,14,may,224,4,-1,0,unknown,yes
54,unknown,married,secondary,no,2206,no,no,cellular,12,nov,104,1,99,2,other,yes
38,admin.,married,tertiary,no,1988,no,no,cellular,27,mar,164,2,130,2,failure,yes
33,blue-collar,married,secondary,no,661,yes,no,cellular,18,jul,968,1,-1,0,unknown,yes
59,technician,married,secondary,no,1,no,no,cellular,15,apr,159,2,378,3,failure,yes
37,technician,married,secondary,no,480,no,no,cellular,22,oct,344,2,182,8,other,yes
37,technician,married,unknown,no,189,no,no,cellular,1,oct,238,1,107,2,success,yes
57,retired,married,tertiary,no,0,yes,yes,unknown,28,may,648,1,-1,0,unknown,yes
60,management,divorced,tertiary,no,366,no,no,cellular,3,jun,593,1,-1,0,unknown,yes
44,admin.,married,secondary,no,205,no,no,cellular,3,nov,289,1,-1,0,unknown,yes
32,technician,single,tertiary,no,5514,no,no,cellular,22,apr,319,1,182,1,success,yes
33,management,married,tertiary,no,273,yes,no,unknown,16,may,803,1,-1,0,unknown,yes
28,self-employed,single,tertiary,no,4579,no,no,cellular,12,jan,409,2,-1,0,unknown,yes
37,management,married,tertiary,no,5106,no,no,cellular,30,apr,244,1,-1,0,unknown,yes
31,technician,married,tertiary,no,636,yes,no,cellular,4,may,352,4,-1,0,unknown,yes
34,services,married,secondary,no,1076,no,no,cellular,12,may,152,1,182,6,success,yes
54,retired,divorced,tertiary,no,0,no,no,unknown,13,may,618,1,-1,0,unknown,yes
61,management,married,tertiary,no,6016,no,no,cellular,2,feb,670,3,-1,0,unknown,yes
36,management,single,tertiary,no,490,no,no,cellular,28,aug,207,8,98,1,failure,yes
75,retired,divorced,secondary,no,1341,no,no,cellular,18,dec,415,7,-1,0,unknown,yes
60,blue-collar,married,primary,no,493,no,no,cellular,18,aug,671,4,-1,0,unknown,yes
54,unknown,married,unknown,no,895,no,no,cellular,7,oct,335,1,-1,0,unknown,yes
27,technician,single,secondary,no,158,no,no,unknown,1,jul,650,2,-1,0,unknown,yes
41,management,divorced,tertiary,no,5037,no,no,cellular,23,apr,252,9,185,5,other,yes
46,admin.,divorced,secondary,no,2232,no,no,cellular,13,feb,121,1,-1,0,unknown,yes
31,management,married,tertiary,no,2603,yes,no,cellular,11,feb,280,4,-1,0,unknown,yes
32,management,single,tertiary,no,41,no,no,cellular,21,aug,686,5,-1,0,unknown,yes
59,retired,divorced,secondary,no,5845,no,no,cellular,14,may,1060,2,-1,0,unknown,yes
42,management,married,unknown,no,1519,no,no,cellular,19,oct,230,1,92,1,success,yes
80,retired,married,secondary,no,8304,no,no,telephone,9,jun,712,1,64,12,failure,yes
49,management,married,secondary,no,1623,yes,no,cellular,19,nov,1081,2,-1,0,unknown,yes
45,admin.,married,secondary,no,204,yes,no,cellular,3,jun,224,2,-1,0,unknown,yes
32,management,single,tertiary,no,311,no,no,unknown,12,may,757,2,-1,0,unknown,yes
27,admin.,married,secondary,no,710,yes,yes,cellular,6,may,653,1,334,2,success,yes
47,technician,married,secondary,no,1233,yes,no,unknown,11,sep,91,1,100,2,other,yes
28,management,single,secondary,no,171,no,no,cellular,10,mar,93,1,-1,0,unknown,yes
83,retired,married,primary,no,425,no,no,telephone,22,jun,883,1,140,1,failure,yes
46,admin.,married,secondary,no,368,no,no,cellular,20,aug,293,1,90,4,other,yes
38,technician,married,tertiary,no,3234,no,no,cellular,18,nov,578,2,-1,0,unknown,yes
35,blue-collar,single,secondary,no,0,yes,no,cellular,16,apr,1174,1,345,4,other,yes
38,services,single,secondary,no,2253,yes,no,cellular,13,may,937,3,-1,0,unknown,yes
36,management,married,tertiary,no,495,no,no,cellular,5,aug,157,3,97,2,success,yes
59,retired,single,secondary,no,351,yes,no,unknown,27,may,1063,5,-1,0,unknown,yes
64,retired,married,secondary,no,1574,no,no,telephone,29,jul,301,3,-1,0,unknown,yes
77,retired,married,tertiary,no,0,no,no,cellular,16,oct,847,1,60,1,success,yes
56,housemaid,divorced,primary,yes,1238,no,no,unknown,5,jun,1558,1,-1,0,unknown,yes
32,technician,single,tertiary,no,4665,yes,no,unknown,21,may,860,2,-1,0,unknown,yes
31,management,married,tertiary,no,1224,yes,yes,cellular,24,jul,1441,2,-1,0,unknown,yes
45,services,single,primary,no,1893,yes,no,unknown,3,jun,1259,6,-1,0,unknown,yes
36,management,married,tertiary,no,2987,yes,no,cellular,12,aug,307,1,-1,0,unknown,yes
31,blue-collar,married,secondary,no,1766,no,yes,cellular,5,jun,166,2,-1,0,unknown,yes
53,services,divorced,secondary,no,0,no,no,cellular,12,mar,80,2,-1,0,unknown,yes
59,technician,married,secondary,no,259,no,no,cellular,15,jun,415,1,89,1,success,yes
29,technician,single,secondary,no,113,no,no,cellular,12,feb,328,2,183,4,success,yes
46,technician,married,secondary,no,57,no,no,unknown,28,may,796,1,-1,0,unknown,yes
47,admin.,divorced,secondary,no,225,no,no,cellular,28,aug,1126,4,-1,0,unknown,yes
42,admin.,divorced,secondary,no,936,no,no,cellular,30,jan,931,1,-1,0,unknown,yes
33,technician,married,secondary,no,133,no,no,cellular,4,may,218,1,-1,0,unknown,yes
54,management,divorced,tertiary,no,2171,yes,yes,telephone,18,nov,1034,1,-1,0,unknown,yes
28,student,single,tertiary,no,1562,no,no,cellular,15,feb,659,4,-1,0,unknown,yes
42,management,divorced,unknown,no,7702,no,no,cellular,16,feb,138,2,-1,0,unknown,yes
49,management,single,tertiary,no,151,yes,no,cellular,8,jul,97,3,-1,0,unknown,yes
46,management,divorced,tertiary,no,1297,no,no,cellular,11,aug,716,3,-1,0,unknown,yes
39,self-employed,single,tertiary,no,426,no,no,unknown,18,jun,1029,1,-1,0,unknown,yes
53,blue-collar,married,primary,no,306,no,no,cellular,28,jul,388,3,181,1,success,yes
52,blue-collar,divorced,primary,no,-191,yes,no,unknown,15,may,755,1,-1,0,unknown,yes
47,services,single,unknown,no,1784,no,no,cellular,19,oct,385,2,-1,0,unknown,yes
32,technician,single,secondary,no,0,no,no,cellular,18,aug,594,4,-1,0,unknown,yes
37,technician,single,secondary,no,2442,no,no,cellular,16,feb,91,3,-1,0,unknown,yes
43,admin.,married,secondary,no,132,no,no,cellular,19,aug,574,1,84,3,success,yes
31,management,single,tertiary,no,3283,no,no,cellular,2,feb,258,1,73,1,failure,yes
35,management,single,tertiary,no,5958,yes,no,cellular,22,mar,215,1,-1,0,unknown,yes
25,student,single,secondary,no,304,no,no,cellular,26,may,226,2,-1,0,unknown,yes
32,blue-collar,single,secondary,no,118,yes,no,cellular,17,jul,1275,1,-1,0,unknown,yes
46,admin.,married,secondary,no,70,yes,no,cellular,27,mar,229,2,-1,0,unknown,yes
48,management,married,secondary,no,4415,yes,no,cellular,8,apr,1032,3,141,7,failure,yes
34,technician,married,tertiary,no,197,no,no,cellular,20,aug,78,3,-1,0,unknown,yes
53,admin.,single,secondary,no,2398,yes,no,cellular,2,aug,317,1,180,2,failure,yes
40,admin.,single,secondary,no,100,yes,no,cellular,11,aug,221,1,461,1,success,yes
49,housemaid,married,primary,no,889,no,no,telephone,7,jul,388,1,-1,0,unknown,yes
49,admin.,married,secondary,no,197,yes,no,cellular,13,apr,223,1,182,2,failure,yes
29,management,single,tertiary,no,1445,no,no,cellular,26,apr,328,2,143,2,success,yes
38,technician,married,secondary,no,226,yes,no,unknown,30,may,762,3,-1,0,unknown,yes
35,technician,married,secondary,no,0,yes,no,cellular,9,nov,524,1,96,5,success,yes
57,blue-collar,married,secondary,no,2887,no,no,cellular,21,aug,819,10,-1,0,unknown,yes
51,management,single,tertiary,no,297,yes,no,cellular,15,may,415,4,375,1,failure,yes
31,management,married,tertiary,no,156,no,no,cellular,13,aug,657,7,-1,0,unknown,yes
39,technician,divorced,tertiary,yes,3,no,no,cellular,6,may,488,1,-1,0,unknown,yes
54,management,married,tertiary,no,8295,no,no,cellular,5,jun,207,1,-1,0,unknown,yes
51,self-employed,married,secondary,no,95,yes,no,cellular,23,jul,1309,4,-1,0,unknown,yes
34,management,single,tertiary,no,2646,no,no,cellular,14,apr,142,1,-1,0,unknown,yes
47,blue-collar,married,secondary,no,1230,yes,no,cellular,30,apr,412,1,169,1,success,yes
34,admin.,married,secondary,no,247,no,no,cellular,8,oct,401,2,-1,0,unknown,yes
26,blue-collar,single,primary,no,-887,yes,no,cellular,18,may,827,2,-1,0,unknown,yes
39,technician,divorced,secondary,no,902,yes,no,cellular,10,feb,691,2,180,5,failure,yes
42,management,married,tertiary,no,1205,no,no,telephone,8,sep,376,2,-1,0,unknown,yes
40,management,single,tertiary,no,1361,no,no,cellular,29,jan,1473,1,-1,0,unknown,yes
28,student,single,tertiary,no,0,no,no,cellular,28,sep,294,2,105,7,other,yes
46,management,married,tertiary,no,273,yes,no,cellular,18,mar,910,2,184,4,success,yes
48,housemaid,married,primary,no,7195,no,no,cellular,21,nov,609,2,-1,0,unknown,yes
30,services,single,tertiary,no,-477,no,yes,cellular,21,aug,1532,2,-1,0,unknown,yes
29,management,single,tertiary,no,1026,no,no,cellular,12,nov,226,1,92,1,other,yes
53,unemployed,married,primary,no,980,yes,no,cellular,3,dec,352,1,-1,0,unknown,yes
71,retired,married,primary,no,4657,no,no,cellular,16,feb,93,5,-1,0,unknown,yes
22,student,single,primary,no,3472,no,no,cellular,20,oct,332,1,183,3,failure,yes
27,technician,single,secondary,no,489,yes,no,cellular,30,jul,356,4,-1,0,unknown,yes
27,student,single,secondary,no,213,no,no,cellular,27,mar,378,1,-1,0,unknown,yes
42,services,divorced,secondary,no,257,yes,no,cellular,12,may,955,2,-1,0,unknown,yes
41,admin.,divorced,secondary,no,6046,yes,yes,telephone,15,mar,300,6,182,2,success,yes
25,unemployed,single,tertiary,no,343,no,no,cellular,1,jun,377,1,-1,0,unknown,yes
44,technician,single,secondary,no,7138,no,no,cellular,8,aug,809,2,-1,0,unknown,yes
37,entrepreneur,divorced,tertiary,no,66,no,no,cellular,18,nov,1164,2,-1,0,unknown,yes
44,management,married,primary,no,4758,yes,no,cellular,22,jul,712,6,-1,0,unknown,yes
74,retired,divorced,secondary,no,4079,no,no,cellular,19,oct,343,3,-1,0,unknown,yes
40,management,single,tertiary,no,0,yes,no,cellular,23,feb,228,2,182,6,failure,yes
34,technician,single,tertiary,no,925,yes,no,cellular,13,apr,709,1,-1,0,unknown,yes
59,management,married,primary,no,1727,no,no,telephone,25,may,500,4,358,2,failure,yes
41,blue-collar,divorced,primary,no,664,no,yes,cellular,15,jul,955,5,-1,0,unknown,yes
30,management,married,tertiary,no,1942,yes,yes,cellular,21,nov,436,2,178,3,other,yes
59,technician,married,primary,no,4198,no,no,cellular,14,jan,309,1,91,10,success,yes
31,admin.,single,secondary,no,747,yes,no,unknown,26,may,543,2,-1,0,unknown,yes
48,technician,married,secondary,no,568,yes,no,cellular,2,sep,378,2,386,1,success,yes
47,technician,married,secondary,no,1167,yes,no,cellular,30,apr,968,1,87,5,failure,yes
33,blue-collar,single,secondary,no,697,no,no,cellular,6,feb,860,2,-1,0,unknown,yes
30,management,single,tertiary,no,201,yes,no,cellular,17,mar,325,2,-1,0,unknown,yes
38,management,single,tertiary,no,104,yes,no,cellular,6,may,606,3,-1,0,unknown,yes
33,management,married,tertiary,no,1412,yes,no,unknown,19,aug,480,1,-1,0,unknown,yes
62,retired,divorced,tertiary,no,0,no,no,cellular,13,nov,227,2,-1,0,unknown,yes
48,unemployed,married,secondary,no,817,no,no,cellular,14,jan,517,1,282,4,success,yes
41,admin.,married,primary,no,-306,yes,no,unknown,15,may,500,1,-1,0,unknown,yes
35,housemaid,married,tertiary,no,1265,yes,no,cellular,15,may,326,5,179,4,failure,yes
47,housemaid,single,tertiary,no,3727,no,no,unknown,12,jun,993,6,-1,0,unknown,yes
37,management,married,tertiary,no,4089,yes,no,cellular,2,feb,289,2,174,4,other,yes
62,management,married,tertiary,no,1859,no,no,telephone,6,aug,245,3,-1,0,unknown,yes
33,services,married,secondary,no,386,no,no,cellular,12,nov,253,1,92,4,failure,yes
40,services,married,secondary,no,1836,yes,no,cellular,12,may,750,2,-1,0,unknown,yes
28,blue-collar,single,secondary,no,-46,yes,no,cellular,1,sep,199,1,92,14,success,yes
43,entrepreneur,married,secondary,no,104,yes,no,cellular,18,jul,635,3,-1,0,unknown,yes
23,entrepreneur,single,primary,no,4,yes,no,unknown,13,may,395,2,-1,0,unknown,yes
29,management,married,tertiary,no,199,yes,yes,unknown,7,may,1689,4,-1,0,unknown,yes
34,management,married,tertiary,no,3301,yes,no,cellular,17,jun,485,2,227,4,failure,yes
24,student,single,secondary,no,822,no,no,cellular,27,oct,184,1,91,2,failure,yes
44,technician,married,secondary,no,2776,yes,no,cellular,27,jan,701,1,-1,0,unknown,yes
33,blue-collar,married,secondary,no,139,yes,yes,cellular,18,may,732,2,291,5,failure,yes
24,services,married,secondary,no,4500,yes,no,cellular,11,may,733,2,-1,0,unknown,yes
37,management,married,tertiary,no,238,no,no,cellular,3,feb,185,1,92,1,success,yes
41,management,married,tertiary,no,326,yes,no,cellular,5,may,788,1,-1,0,unknown,yes
35,admin.,single,secondary,no,0,yes,no,cellular,13,may,1073,1,-1,0,unknown,yes
32,blue-collar,married,secondary,no,1905,yes,no,cellular,16,jul,709,2,-1,0,unknown,yes
27,services,single,secondary,no,54,yes,no,unknown,28,may,543,2,-1,0,unknown,yes
30,management,married,tertiary,no,102,yes,no,cellular,5,apr,470,7,426,3,other,yes
37,technician,single,secondary,no,-242,yes,no,cellular,13,aug,1149,6,-1,0,unknown,yes
43,services,single,secondary,no,3403,yes,no,cellular,12,nov,707,2,97,2,success,yes
26,unemployed,single,secondary,no,622,no,no,cellular,28,jan,1451,2,-1,0,unknown,yes
35,services,married,secondary,no,152,yes,no,unknown,2,jun,563,1,-1,0,unknown,yes
41,blue-collar,single,secondary,yes,-386,no,yes,cellular,20,nov,477,1,-1,0,unknown,yes
44,management,single,tertiary,no,5063,no,no,cellular,27,oct,418,2,-1,0,unknown,yes
42,unemployed,married,secondary,no,1289,no,no,cellular,15,jul,250,4,415,2,failure,yes
73,retired,married,primary,no,796,no,no,cellular,23,oct,427,1,182,2,failure,yes
51,technician,married,secondary,no,117,no,no,cellular,24,aug,467,2,88,4,other,yes
35,management,married,secondary,no,724,yes,no,cellular,14,jul,287,2,415,1,failure,yes
36,management,married,tertiary,no,925,no,no,cellular,14,dec,321,3,189,4,success,yes
23,technician,single,tertiary,no,1129,yes,no,unknown,28,may,806,1,-1,0,unknown,yes
22,student,single,secondary,no,2488,no,no,cellular,8,nov,449,2,38,10,other,yes
53,unknown,married,primary,no,732,no,no,cellular,27,oct,759,2,-1,0,unknown,yes
35,admin.,divorced,secondary,no,3636,no,yes,cellular,21,nov,808,2,-1,0,unknown,yes
50,unknown,married,unknown,no,558,no,no,cellular,9,jul,464,1,683,6,failure,yes
37,management,married,tertiary,no,5355,no,no,telephone,17,feb,466,4,-1,0,unknown,yes
53,housemaid,married,primary,no,104,no,yes,unknown,5,jun,701,1,-1,0,unknown,yes
44,technician,divorced,secondary,no,14,no,no,cellular,13,nov,167,1,92,1,success,yes
31,management,married,tertiary,no,4148,yes,no,cellular,21,nov,316,3,99,9,other,yes
33,management,married,tertiary,no,1064,yes,no,cellular,13,may,562,1,-1,0,unknown,yes
34,admin.,divorced,secondary,no,479,yes,no,cellular,12,may,515,1,350,5,failure,yes
61,retired,married,secondary,no,2917,no,no,cellular,6,oct,215,1,-1,0,unknown,yes
52,technician,married,tertiary,no,2557,no,no,cellular,28,jan,134,5,204,2,success,yes
49,services,married,secondary,no,823,no,no,cellular,8,aug,780,4,-1,0,unknown,yes
50,management,single,tertiary,no,1200,no,no,cellular,14,aug,904,3,-1,0,unknown,yes
36,management,married,tertiary,no,9,no,no,cellular,11,aug,386,4,-1,0,unknown,yes
45,blue-collar,single,secondary,no,0,yes,no,cellular,26,apr,1472,1,192,4,failure,yes
36,management,married,tertiary,no,1133,yes,no,cellular,4,aug,293,1,181,2,other,yes
42,technician,married,secondary,no,4945,yes,no,cellular,2,mar,311,2,-1,0,unknown,yes
27,student,single,tertiary,no,3733,yes,no,cellular,22,may,198,1,98,6,success,yes
31,management,married,tertiary,no,325,yes,no,cellular,18,jul,1139,2,-1,0,unknown,yes
29,management,single,tertiary,no,437,no,no,cellular,5,aug,504,1,92,1,success,yes
45,admin.,divorced,secondary,no,0,no,no,cellular,29,oct,264,1,-1,0,unknown,yes
55,management,divorced,tertiary,no,9756,yes,no,cellular,5,jun,103,2,95,1,other,yes
25,management,single,tertiary,no,2506,no,no,cellular,17,feb,485,1,-1,0,unknown,yes
41,blue-collar,single,secondary,no,75,yes,no,unknown,1,jul,479,9,-1,0,unknown,yes
29,technician,single,tertiary,no,2325,no,no,cellular,2,feb,125,1,-1,0,unknown,yes
32,technician,single,secondary,no,230,yes,no,cellular,18,may,442,1,266,8,failure,yes
53,blue-collar,married,secondary,no,25,no,no,cellular,22,aug,528,2,-1,0,unknown,yes
47,technician,married,secondary,no,1219,no,no,cellular,18,aug,697,4,-1,0,unknown,yes
40,blue-collar,married,secondary,no,-839,yes,yes,cellular,16,jul,1018,2,-1,0,unknown,yes
61,management,married,secondary,no,985,no,no,cellular,18,aug,998,6,-1,0,unknown,yes
35,management,divorced,tertiary,no,0,yes,no,telephone,29,oct,171,1,-1,0,unknown,yes
19,student,single,secondary,no,302,no,no,cellular,16,jul,205,1,-1,0,unknown,yes
46,technician,divorced,secondary,no,-90,no,yes,telephone,17,oct,270,1,-1,0,unknown,yes
38,entrepreneur,married,tertiary,no,170,yes,no,cellular,18,may,442,1,-1,0,unknown,yes
37,technician,single,secondary,no,3665,no,no,cellular,12,aug,664,3,-1,0,unknown,yes
39,management,married,tertiary,no,763,yes,no,cellular,11,may,877,7,300,2,other,yes
49,services,married,secondary,no,320,no,no,telephone,9,feb,1971,4,-1,0,unknown,yes
43,blue-collar,married,secondary,no,699,yes,yes,cellular,20,nov,1258,2,122,2,other,yes
44,management,married,tertiary,no,1058,no,no,cellular,11,mar,188,3,-1,0,unknown,yes
38,technician,married,secondary,no,6728,no,no,cellular,25,nov,232,1,96,4,success,yes
32,technician,single,tertiary,no,1625,no,no,cellular,22,may,796,1,109,1,failure,yes
51,housemaid,divorced,secondary,no,9228,no,no,cellular,18,jul,655,4,-1,0,unknown,yes
32,management,married,tertiary,no,2431,yes,no,cellular,14,may,646,5,-1,0,unknown,yes
35,technician,single,tertiary,no,470,yes,no,cellular,25,jul,743,13,-1,0,unknown,yes
32,management,single,tertiary,no,0,no,no,cellular,5,feb,550,4,-1,0,unknown,yes
34,housemaid,married,secondary,no,0,yes,no,unknown,30,oct,154,1,-1,0,unknown,yes
56,retired,divorced,primary,no,694,no,no,cellular,29,jan,144,1,102,1,other,yes
41,technician,single,tertiary,no,1646,yes,no,cellular,4,feb,261,1,184,6,success,yes
49,blue-collar,married,secondary,no,2039,yes,no,cellular,6,may,451,1,169,2,failure,yes
61,technician,married,secondary,no,1191,no,no,cellular,21,may,214,4,-1,0,unknown,yes
45,management,married,tertiary,no,242,no,no,cellular,30,apr,587,1,-1,0,unknown,yes
36,management,single,secondary,no,1511,yes,no,cellular,16,nov,270,1,-1,0,unknown,yes
22,student,single,tertiary,no,691,no,no,cellular,19,aug,338,1,-1,0,unknown,yes
71,retired,married,tertiary,no,14220,yes,no,cellular,9,sep,397,1,-1,0,unknown,yes
31,management,single,tertiary,no,12569,no,no,cellular,9,sep,344,1,295,1,failure,yes
56,admin.,married,secondary,no,45,no,no,unknown,5,may,1467,1,-1,0,unknown,yes
46,admin.,married,secondary,no,556,yes,yes,unknown,15,may,646,3,-1,0,unknown,yes
55,retired,divorced,secondary,no,1580,no,yes,unknown,19,jun,1007,1,-1,0,unknown,yes
34,technician,single,secondary,no,16,no,no,cellular,13,aug,990,1,-1,0,unknown,yes
38,entrepreneur,single,secondary,no,2543,no,no,cellular,10,aug,223,1,414,4,failure,yes
60,admin.,married,secondary,no,3735,no,no,cellular,22,dec,190,1,188,9,success,yes
51,self-employed,married,unknown,no,2094,no,no,cellular,8,jun,458,6,-1,0,unknown,yes
49,technician,married,tertiary,no,523,yes,no,cellular,3,mar,152,2,-1,0,unknown,yes
40,management,married,tertiary,no,0,no,no,cellular,10,nov,147,1,96,8,success,yes
39,blue-collar,married,primary,no,2303,yes,no,unknown,17,jun,775,3,-1,0,unknown,yes
50,technician,divorced,secondary,no,-54,yes,yes,cellular,13,may,698,2,292,1,failure,yes
73,retired,married,primary,no,279,no,no,cellular,28,jan,399,3,-1,0,unknown,yes
34,admin.,married,secondary,no,2374,yes,no,cellular,9,nov,161,1,209,2,failure,yes
43,management,single,tertiary,no,1696,yes,no,cellular,26,aug,257,1,474,3,failure,yes
67,retired,married,tertiary,no,701,no,no,cellular,6,aug,254,2,-1,0,unknown,yes
33,services,married,secondary,no,478,no,no,cellular,30,apr,475,2,-1,0,unknown,yes
31,technician,single,secondary,no,2544,no,no,cellular,15,jul,252,1,184,3,success,yes
30,blue-collar,single,secondary,no,2145,yes,no,cellular,18,may,727,2,-1,0,unknown,yes
47,services,married,secondary,no,405,no,yes,cellular,8,aug,994,2,-1,0,unknown,yes
48,management,married,tertiary,no,1808,yes,no,cellular,26,feb,245,1,-1,0,unknown,yes
32,admin.,single,secondary,no,678,yes,no,cellular,4,feb,1579,1,246,4,failure,yes
27,management,married,tertiary,no,802,no,no,cellular,22,sep,569,1,-1,0,unknown,yes
24,technician,married,secondary,no,556,yes,no,cellular,18,aug,460,2,-1,0,unknown,yes
28,admin.,single,secondary,no,4745,no,no,telephone,12,may,360,1,181,5,success,yes
34,management,single,tertiary,no,5086,no,no,cellular,25,may,213,4,-1,0,unknown,yes
63,retired,married,secondary,no,474,no,no,cellular,25,jan,423,1,-1,0,unknown,yes
79,retired,married,primary,no,8556,no,no,telephone,18,jan,326,2,272,2,success,yes
72,retired,married,primary,no,763,no,no,cellular,24,apr,384,2,-1,0,unknown,yes
55,management,married,tertiary,no,-375,no,no,cellular,30,jul,814,2,-1,0,unknown,yes
41,management,married,primary,no,5310,yes,no,cellular,17,nov,984,1,-1,0,unknown,yes
52,blue-collar,married,secondary,no,2087,yes,no,cellular,31,aug,267,1,474,1,failure,yes
59,retired,divorced,secondary,no,1026,no,no,unknown,5,nov,669,1,-1,0,unknown,yes
54,technician,married,tertiary,no,876,no,no,cellular,27,oct,269,3,541,3,success,yes
36,management,married,tertiary,no,495,no,no,cellular,12,mar,213,3,182,6,success,yes
36,blue-collar,married,secondary,no,4438,yes,no,unknown,20,may,446,1,-1,0,unknown,yes
28,self-employed,single,tertiary,no,442,no,no,cellular,19,jun,474,3,95,3,other,yes
60,services,married,tertiary,no,4256,yes,no,cellular,16,aug,239,3,761,1,other,yes
64,retired,married,tertiary,no,846,no,no,cellular,11,feb,671,1,181,3,failure,yes
40,blue-collar,single,secondary,no,3,no,no,cellular,19,nov,998,1,-1,0,unknown,yes
87,retired,married,primary,no,230,no,no,cellular,30,oct,144,1,-1,0,unknown,yes
33,admin.,married,tertiary,no,79,yes,no,cellular,22,oct,249,2,335,2,failure,yes
25,management,single,tertiary,no,808,no,no,cellular,18,sep,267,2,114,2,failure,yes
35,blue-collar,divorced,primary,no,1792,yes,no,cellular,31,jul,630,6,-1,0,unknown,yes
53,management,married,unknown,no,2240,yes,no,cellular,2,jun,282,2,385,1,success,yes
33,admin.,married,secondary,no,0,yes,no,telephone,17,jul,1448,7,-1,0,unknown,yes
53,admin.,married,secondary,no,459,no,no,cellular,5,apr,558,1,-1,0,unknown,yes
79,retired,married,primary,no,429,no,no,telephone,8,jul,1006,2,-1,0,unknown,yes
27,admin.,married,secondary,no,897,no,no,cellular,5,jun,397,1,-1,0,unknown,yes
38,unknown,single,tertiary,no,0,no,no,cellular,11,sep,260,3,95,3,success,yes
46,services,married,secondary,no,4,no,no,cellular,30,apr,268,1,261,5,other,yes
33,self-employed,single,tertiary,no,61,no,no,cellular,19,aug,836,3,-1,0,unknown,yes
39,self-employed,married,tertiary,no,1047,no,no,unknown,6,jun,554,1,-1,0,unknown,yes
55,technician,married,secondary,yes,-308,no,no,cellular,2,feb,781,1,-1,0,unknown,yes
28,student,single,secondary,no,153,no,no,cellular,23,jul,1124,2,-1,0,unknown,yes
71,retired,married,secondary,no,2850,no,no,cellular,17,feb,185,1,-1,0,unknown,yes
47,management,married,tertiary,no,2306,no,no,telephone,6,aug,239,4,-1,0,unknown,yes
58,services,divorced,secondary,no,462,no,no,cellular,13,nov,495,1,93,1,success,yes
32,management,divorced,tertiary,no,883,yes,no,cellular,10,dec,798,1,185,5,other,yes
43,technician,married,secondary,no,136,no,no,cellular,25,aug,363,7,-1,0,unknown,yes
33,services,divorced,secondary,no,2411,yes,no,cellular,23,oct,130,1,161,1,failure,yes
30,unemployed,single,tertiary,no,302,no,no,cellular,11,feb,528,3,-1,0,unknown,yes
58,retired,married,primary,no,565,no,no,telephone,7,jul,876,1,-1,0,unknown,yes
68,retired,married,secondary,no,19317,yes,no,cellular,4,aug,249,1,-1,0,unknown,yes
49,technician,married,tertiary,no,3726,no,no,cellular,5,aug,875,2,-1,0,unknown,yes
61,self-employed,divorced,tertiary,no,6610,no,no,cellular,24,feb,481,2,-1,0,unknown,yes
43,blue-collar,married,secondary,no,2160,no,no,cellular,8,sep,261,1,98,1,success,yes
38,management,married,unknown,no,3576,no,no,cellular,25,nov,349,2,183,1,success,yes
52,management,single,tertiary,no,83,no,no,cellular,26,aug,1223,6,-1,0,unknown,yes
29,admin.,single,secondary,no,1070,yes,no,unknown,19,may,30,1,357,1,other,yes
29,services,divorced,secondary,no,84,yes,no,cellular,13,apr,1101,2,-1,0,unknown,yes
26,services,single,secondary,no,1347,no,no,telephone,18,jun,280,6,92,5,other,yes
32,services,married,secondary,no,38,yes,no,cellular,15,may,744,1,-1,0,unknown,yes
36,entrepreneur,married,tertiary,no,3057,no,no,unknown,16,jun,2769,4,-1,0,unknown,yes
30,blue-collar,single,secondary,yes,239,yes,no,unknown,21,may,412,1,-1,0,unknown,yes
30,admin.,single,tertiary,no,305,no,no,cellular,30,apr,633,1,85,2,success,yes
80,housemaid,married,primary,no,0,no,no,cellular,23,feb,639,1,189,1,failure,yes
31,management,married,tertiary,no,1331,no,no,cellular,30,apr,297,1,86,3,success,yes
32,services,single,secondary,no,152,yes,no,cellular,25,may,158,2,-1,0,unknown,yes
43,technician,married,secondary,no,3285,yes,no,unknown,13,may,1721,2,-1,0,unknown,yes
34,technician,divorced,tertiary,no,674,yes,no,cellular,7,aug,587,2,-1,0,unknown,yes
27,services,married,secondary,no,0,yes,no,cellular,22,jul,1608,13,-1,0,unknown,yes
36,blue-collar,divorced,primary,no,-308,yes,no,cellular,12,may,725,1,-1,0,unknown,yes
42,admin.,single,secondary,no,-247,yes,yes,telephone,21,oct,519,1,166,1,other,yes
36,management,single,tertiary,no,2944,no,no,cellular,18,aug,882,8,-1,0,unknown,yes
55,technician,divorced,secondary,no,3450,no,no,cellular,10,feb,169,1,183,1,failure,yes
61,management,married,tertiary,no,997,no,no,cellular,10,mar,106,1,-1,0,unknown,yes
35,management,married,tertiary,no,8,no,no,cellular,23,apr,93,3,-1,0,unknown,yes
26,management,single,tertiary,no,170,no,no,cellular,15,jun,129,1,-1,0,unknown,yes
74,retired,married,secondary,no,921,no,no,telephone,17,apr,394,2,-1,0,unknown,yes
47,management,married,tertiary,no,0,no,no,cellular,27,oct,508,1,-1,0,unknown,yes
66,retired,married,primary,no,206,no,no,cellular,9,feb,479,1,-1,0,unknown,yes
33,admin.,married,secondary,no,95,yes,no,cellular,30,apr,335,1,-1,0,unknown,yes
53,services,divorced,secondary,no,765,yes,no,cellular,14,may,959,3,174,7,other,yes
46,technician,divorced,secondary,no,-824,yes,no,cellular,7,aug,429,3,-1,0,unknown,yes
29,housemaid,single,tertiary,no,19,no,no,cellular,5,feb,110,2,64,2,success,yes
50,unknown,married,primary,no,341,yes,yes,cellular,20,apr,670,4,340,2,success,yes
39,admin.,married,secondary,no,607,yes,no,cellular,12,may,454,2,364,3,failure,yes
54,technician,married,secondary,no,-315,no,yes,cellular,10,jul,2029,1,-1,0,unknown,yes
26,student,single,tertiary,no,294,no,no,cellular,5,mar,87,1,91,2,success,yes
44,technician,single,secondary,no,1679,no,no,telephone,20,oct,718,1,-1,0,unknown,yes
47,management,single,tertiary,no,4402,no,no,telephone,10,dec,805,1,190,1,other,yes
31,services,divorced,primary,no,459,yes,no,cellular,7,may,623,1,293,1,success,yes
36,blue-collar,married,primary,no,1177,no,no,cellular,15,apr,330,1,311,4,success,yes
42,management,married,tertiary,no,2187,yes,no,cellular,17,nov,525,3,-1,0,unknown,yes
30,technician,married,tertiary,no,569,no,no,cellular,27,aug,976,12,-1,0,unknown,yes
36,technician,single,secondary,yes,12,no,no,cellular,12,aug,587,2,-1,0,unknown,yes
51,retired,divorced,secondary,no,1679,no,no,cellular,12,aug,417,1,365,9,other,yes
47,admin.,married,secondary,no,3676,no,no,cellular,18,oct,567,1,95,3,success,yes
25,management,married,tertiary,no,-242,yes,yes,cellular,18,may,600,4,332,4,other,yes
34,management,married,tertiary,no,3050,yes,no,cellular,13,may,469,1,-1,0,unknown,yes
49,management,married,primary,no,3371,no,no,cellular,11,nov,269,2,-1,0,unknown,yes
44,self-employed,single,tertiary,no,2734,yes,no,cellular,12,may,897,4,-1,0,unknown,yes
34,admin.,single,tertiary,no,18,yes,yes,cellular,30,apr,359,1,-1,0,unknown,yes
66,retired,married,tertiary,no,1948,no,no,cellular,28,jan,216,1,91,4,success,yes
37,blue-collar,divorced,secondary,no,0,yes,no,cellular,21,apr,146,4,-1,0,unknown,yes
38,housemaid,divorced,secondary,no,70,no,no,cellular,27,oct,255,3,148,1,success,yes
46,blue-collar,married,unknown,no,9328,yes,no,cellular,5,may,725,3,-1,0,unknown,yes
52,admin.,single,unknown,no,2227,no,no,cellular,24,feb,242,2,-1,0,unknown,yes
53,entrepreneur,married,primary,no,27,yes,no,telephone,10,sep,230,3,-1,0,unknown,yes
28,blue-collar,married,secondary,no,2788,yes,no,unknown,6,jun,369,2,-1,0,unknown,yes
32,blue-collar,married,secondary,yes,-53,yes,no,cellular,16,apr,648,1,272,1,other,yes
30,management,married,tertiary,no,944,no,no,cellular,29,oct,251,2,-1,0,unknown,yes
69,retired,single,tertiary,no,2144,no,no,cellular,29,jul,417,1,184,4,success,yes
84,retired,divorced,primary,no,639,no,no,telephone,18,may,353,3,-1,0,unknown,yes
25,student,single,secondary,no,8,no,no,cellular,22,apr,107,2,-1,0,unknown,yes
47,blue-collar,divorced,primary,no,126,yes,no,unknown,3,jun,2456,2,-1,0,unknown,yes
50,self-employed,divorced,tertiary,no,13,yes,no,cellular,20,apr,76,1,-1,0,unknown,yes
30,technician,married,secondary,no,-393,yes,yes,cellular,16,jul,435,1,-1,0,unknown,yes
55,entrepreneur,divorced,secondary,no,538,yes,no,cellular,7,aug,353,2,-1,0,unknown,yes
53,unemployed,married,secondary,no,94,no,no,cellular,10,aug,493,1,181,14,success,yes
57,retired,married,secondary,no,1044,no,no,telephone,11,jan,585,1,192,2,success,yes
32,blue-collar,married,primary,no,415,yes,no,unknown,2,jun,777,4,-1,0,unknown,yes
32,services,single,secondary,no,133,no,no,cellular,15,apr,171,1,-1,0,unknown,yes
48,blue-collar,married,secondary,no,480,yes,no,cellular,15,may,830,1,352,2,failure,yes
34,management,married,tertiary,no,606,no,no,cellular,20,apr,97,1,-1,0,unknown,yes
27,blue-collar,single,secondary,no,3792,no,no,cellular,22,apr,279,2,-1,0,unknown,yes
30,technician,single,secondary,no,-522,yes,yes,cellular,5,may,670,2,286,6,failure,yes
37,unemployed,married,secondary,no,1978,no,no,cellular,9,sep,404,1,182,1,success,yes
38,unemployed,married,tertiary,no,2812,yes,no,cellular,30,apr,830,1,-1,0,unknown,yes
33,blue-collar,single,secondary,no,-416,yes,no,unknown,16,may,767,2,-1,0,unknown,yes
69,retired,married,unknown,no,426,no,no,telephone,9,mar,225,1,90,1,success,yes
65,unknown,married,unknown,no,4717,no,no,telephone,6,aug,256,1,-1,0,unknown,yes
62,self-employed,divorced,tertiary,no,6,yes,no,cellular,13,oct,216,1,183,4,success,yes
39,services,divorced,secondary,no,687,yes,no,cellular,9,jul,869,1,-1,0,unknown,yes
38,technician,single,secondary,no,-242,yes,no,cellular,18,may,1173,3,278,6,success,yes
31,blue-collar,married,secondary,no,92,yes,no,unknown,16,may,688,1,-1,0,unknown,yes
33,technician,single,secondary,no,2085,no,no,cellular,9,feb,501,2,-1,0,unknown,yes
36,technician,single,tertiary,no,197,no,no,cellular,30,apr,260,1,-1,0,unknown,yes
32,management,single,tertiary,no,2,yes,no,cellular,11,sep,100,2,-1,0,unknown,yes
34,housemaid,married,primary,no,2929,no,no,cellular,14,aug,518,2,-1,0,unknown,yes
59,technician,married,secondary,no,2308,no,no,cellular,30,apr,815,1,87,1,other,yes
25,student,married,tertiary,no,10,yes,no,cellular,21,jul,857,4,-1,0,unknown,yes
53,management,married,tertiary,no,15,no,no,cellular,20,aug,921,2,-1,0,unknown,yes
52,management,married,secondary,no,335,no,no,cellular,21,oct,411,1,182,1,failure,yes
34,admin.,divorced,secondary,no,-251,no,no,cellular,18,jul,641,1,-1,0,unknown,yes
59,retired,married,primary,no,0,no,no,cellular,5,jun,493,2,-1,0,unknown,yes
49,admin.,married,secondary,no,3608,yes,no,unknown,13,nov,231,1,-1,0,unknown,yes
73,retired,married,unknown,no,519,no,no,telephone,16,oct,434,1,57,1,failure,yes
50,blue-collar,married,unknown,no,2284,yes,no,telephone,31,jul,1088,17,-1,0,unknown,yes
29,blue-collar,single,secondary,no,-20,no,yes,cellular,21,jul,574,1,-1,0,unknown,yes
63,retired,divorced,secondary,no,1490,no,no,cellular,8,jun,506,1,-1,0,unknown,yes
59,retired,married,secondary,no,0,no,no,unknown,5,jun,812,1,-1,0,unknown,yes
83,retired,divorced,primary,no,1097,no,no,telephone,5,mar,181,1,-1,0,unknown,yes
50,unemployed,married,secondary,no,3357,no,no,cellular,9,jun,239,4,-1,0,unknown,yes
41,entrepreneur,married,primary,no,39,yes,no,cellular,21,nov,549,2,-1,0,unknown,yes
45,admin.,divorced,secondary,no,59,yes,no,cellular,24,jul,873,8,-1,0,unknown,yes
32,blue-collar,single,secondary,no,811,yes,no,cellular,14,may,563,1,-1,0,unknown,yes
45,management,single,tertiary,no,2048,yes,no,cellular,18,oct,310,1,804,1,failure,yes
40,management,married,tertiary,no,-17,yes,yes,cellular,11,may,474,1,256,1,success,yes
49,blue-collar,single,primary,no,2146,yes,no,cellular,7,may,1516,2,353,2,other,yes
29,management,single,tertiary,no,572,no,no,cellular,16,dec,314,1,195,1,success,yes
38,management,single,tertiary,no,623,no,no,cellular,28,jun,297,4,144,4,other,yes
38,management,married,tertiary,no,3436,no,no,cellular,21,nov,663,4,-1,0,unknown,yes
26,technician,single,secondary,no,668,yes,no,unknown,28,may,576,3,-1,0,unknown,yes
60,self-employed,married,primary,no,362,no,yes,cellular,29,jul,816,6,-1,0,unknown,yes
42,blue-collar,single,secondary,no,1080,yes,yes,cellular,13,may,951,3,370,4,failure,yes
32,admin.,single,secondary,no,620,yes,no,unknown,26,may,1234,3,-1,0,unknown,yes
46,blue-collar,married,secondary,no,668,yes,no,unknown,15,may,1263,2,-1,0,unknown,yes
